DEPARTMENT,TEAM,TARGETED_PRODUCTIVITY,SMV,WIP,OVER_TIME,INCENTIVE,IDLE_TIME,IDLE_MEN,NO_OF_STYLE_CHANGE,NO_OF_WORKERS,ACTUAL_PRODUCTIVITY
finishing,1,0.75,3.94,0,960,0,0,0,0,8.0,0.8865
sweing,1,0.75,28.08,681,6900,45,0,0,0,57.5,0.750427826
finishing,2,0.75,3.94,0,960,0,0,0,0,8.0,0.755166667
sweing,2,0.75,19.87,733,6000,34,0,0,0,55.0,0.753097531
sweing,3,0.75,28.08,795,6900,45,0,0,0,57.5,0.753683478
finishing,4,0.75,3.94,0,2160,0,0,0,0,18.0,0.593055556
sweing,4,0.65,23.69,861,7200,0,0,0,0,60.0,0.52118
sweing,5,0.8,11.41,668,3660,50,0,0,0,30.5,0.707045902
sweing,6,0.8,25.9,1170,1920,50,0,0,0,56.0,0.800381944
finishing,7,0.8,2.9,0,960,0,0,0,0,8.0,0.540729167
sweing,7,0.8,25.9,984,6720,38,0,0,0,56.0,0.800125
finishing,8,0.75,2.9,0,960,0,0,0,0,8.0,0.676666667
sweing,8,0.8,26.16,1108,7080,98,0,0,0,59.0,0.940725424
sweing,9,0.7,28.08,872,6900,44,0,0,0,57.5,0.721126957
finishing,10,0.65,3.94,0,960,0,0,0,0,8.0,0.705916667
sweing,10,0.75,19.31,578,6480,45,0,0,0,54.0,0.712205247
finishing,11,0.7,4.15,0,1440,0,0,0,0,12.0,0.436326389
sweing,11,0.8,11.41,968,3660,50,0,0,0,30.5,0.800570492
sweing,12,0.8,11.41,968,3660,50,0,0,0,30.5,0.800570492
finishing,1,0.8,3.94,0,960,0,0,0,0,8.0,0.902916667
sweing,1,0.8,28.08,772,6300,50,0,0,0,56.5,0.800725314
finishing,2,0.8,4.15,0,960,0,0,0,0,8.0,0.782447917
sweing,2,0.75,19.87,944,6600,45,0,0,0,55.0,0.75024303
finishing,3,0.75,3.94,0,1560,0,0,0,0,8.0,0.945277778
sweing,3,0.8,28.08,913,6540,50,0,0,0,54.5,0.800322936
finishing,4,0.8,4.15,0,6600,0,0,0,0,20.0,0.988024691
sweing,4,0.7,23.69,544,13800,0,0,0,0,60.0,0.700134038
sweing,5,0.8,11.61,659,7080,50,0,0,0,31.5,0.800148649
sweing,6,0.8,25.9,1152,6720,50,0,0,0,56.0,0.800125
finishing,7,0.8,3.94,0,960,0,0,0,0,8.0,0.6253125
sweing,7,0.8,25.9,1138,6720,38,0,0,0,56.0,0.800125
finishing,8,0.8,2.9,0,960,0,0,0,0,8.0,0.628333333
sweing,8,0.8,26.16,1261,7080,50,0,0,0,59.0,0.800318644
finishing,9,0.8,4.15,0,960,0,0,0,0,8.0,0.956270833
sweing,9,0.7,28.08,1072,6900,40,0,0,0,57.5,0.699965217
finishing,10,0.7,4.15,0,960,0,0,0,0,8.0,0.7018125
sweing,10,0.75,19.31,610,6480,56,0,0,0,54.0,0.787299691
finishing,11,0.75,2.9,0,5640,0,0,0,0,17.0,0.987880435
sweing,11,0.8,11.61,1005,7080,50,0,0,0,29.5,0.800237288
sweing,12,0.8,26.16,844,7080,63,0,0,0,59.0,0.800318644
finishing,1,0.8,3.94,0,960,0,0,0,0,8.0,0.915229167
sweing,1,0.8,26.16,1033,7080,63,0,0,0,59.0,0.800318644
finishing,2,0.8,3.94,0,960,0,0,0,0,8.0,0.792104167
sweing,2,0.8,28.08,782,6660,50,0,0,0,55.5,0.800237838
finishing,3,0.75,4.15,0,1560,0,0,0,0,8.0,0.991388889
sweing,3,0.75,19.87,734,6600,45,0,0,0,55.0,0.75024303
finishing,4,0.8,3.94,0,6600,0,0,0,0,20.0,0.861679012
sweing,4,0.8,28.08,878,4260,50,0,0,0,55.5,0.800598058
sweing,5,0.7,45.67,884,6960,26,0,0,0,58.0,0.603432184
sweing,6,0.8,11.61,539,6975,50,0,0,0,31.0,0.879714482
finishing,7,0.8,2.9,0,960,0,0,0,0,8.0,0.667604167
sweing,7,0.8,25.9,1227,7020,60,0,0,0,56.5,0.850436438
finishing,8,0.8,2.9,0,960,0,0,0,0,8.0,0.682708333
sweing,8,0.8,25.9,1039,6780,45,0,0,0,56.5,0.850345133
finishing,9,0.8,3.94,0,960,0,0,0,0,8.0,0.931645833
sweing,9,0.8,26.16,1278,7080,60,0,0,0,59.0,0.850569492
finishing,10,0.7,3.94,0,4320,0,0,0,0,18.0,0.759228395
sweing,10,0.7,28.08,1202,6900,40,0,0,0,57.5,0.699965217
finishing,11,0.75,4.15,0,960,0,0,0,0,8.0,0.345833333
sweing,11,0.75,19.31,513,6480,45,0,0,0,54.0,0.750348457
sweing,12,0.8,11.61,1216,6975,50,0,0,0,31.0,0.800030199
finishing,1,0.8,3.94,0,1920,0,0,0,0,8.0,0.961059028
sweing,1,0.8,26.16,1138,7080,63,0,0,0,59.0,0.800318644
finishing,2,0.8,3.94,0,960,0,0,0,0,8.0,0.804416667
sweing,2,0.8,28.08,757,6900,50,0,0,0,57.5,0.800076522
finishing,3,0.75,4.15,0,1920,0,0,0,0,8.0,0.875390625
sweing,3,0.75,19.87,944,6600,45,0,0,0,55.0,0.75024303
finishing,4,0.8,3.94,0,3840,0,0,0,0,16.0,0.893663194
sweing,4,0.8,28.08,759,6900,50,0,0,0,57.5,0.800076522
finishing,5,0.6,2.9,0,960,0,0,0,0,8.0,0.759270833
sweing,5,0.6,21.98,666,6960,23,0,0,0,58.0,0.600028736
sweing,6,0.8,11.61,712,7200,50,0,0,0,32.0,0.800246011
finishing,7,0.8,3.94,0,960,0,0,0,0,8.0,0.676666667
sweing,7,0.8,25.9,1255,6780,50,0,0,0,56.5,0.800684366
finishing,8,0.8,2.9,0,960,0,0,0,0,8.0,0.664583333
sweing,8,0.8,25.9,1047,6780,38,0,0,0,56.5,0.800684366
finishing,9,0.8,2.9,0,1920,0,0,0,0,8.0,0.820833333
sweing,9,0.8,26.16,1227,7080,75,0,0,0,59.0,0.850569492
finishing,10,0.75,2.9,0,960,0,0,0,0,8.0,0.763375
sweing,10,0.75,28.08,1083,7020,45,0,0,0,58.5,0.7504
finishing,11,0.8,3.94,0,2400,0,0,0,0,10.0,0.939513889
sweing,11,0.8,19.31,678,4800,50,0,0,0,55.0,0.800250962
sweing,12,0.8,11.61,1037,7200,50,0,0,0,32.0,0.800246011
finishing,1,0.8,3.94,0,1440,0,0,0,0,8.0,0.936496212
sweing,1,0.8,26.16,1187,10620,75,0,0,0,59.0,0.850502311
finishing,2,0.8,3.94,0,1440,0,0,0,0,8.0,0.805909091
sweing,2,0.8,28.08,716,10350,50,0,0,0,57.5,0.800594466
finishing,3,0.75,4.15,0,1800,0,0,0,0,10.0,0.899166667
sweing,3,0.8,19.87,963,9900,50,0,0,0,55.0,0.800273829
finishing,4,0.8,3.94,0,4440,0,0,0,0,18.0,0.966781346
sweing,4,0.8,28.08,925,10350,50,0,0,0,57.5,0.800594466
sweing,5,0.65,21.98,808,10440,35,0,0,0,58.0,0.649983281
sweing,6,0.8,11.61,910,4470,38,0,0,0,31.5,0.80007657
finishing,7,0.8,2.9,0,1440,0,0,0,0,8.0,0.61625
sweing,7,0.8,25.9,1035,10170,38,0,0,0,56.5,0.800128721
finishing,8,0.8,2.9,0,1440,0,0,0,0,8.0,0.681060606
sweing,8,0.8,25.9,1083,10170,38,0,0,0,56.5,0.800128721
finishing,9,0.8,3.94,0,1440,0,0,0,0,8.0,0.858143939
sweing,9,0.8,26.16,1305,10620,75,0,0,0,59.0,0.850502311
finishing,10,0.75,3.94,0,1440,0,0,0,0,8.0,0.809640152
sweing,10,0.75,28.08,1209,10530,45,0,0,0,58.5,0.750545455
finishing,11,0.8,4.15,0,2700,0,0,0,0,15.0,0.888686869
sweing,11,0.75,19.31,590,9900,45,0,0,0,55.0,0.750057851
sweing,12,0.8,11.61,1101,5310,50,0,0,0,31.5,0.800140969
finishing,1,0.8,3.94,0,1440,0,0,0,0,8.0,0.951420455
sweing,1,0.8,26.16,1179,10620,75,0,0,0,59.0,0.850502311
finishing,2,0.8,3.94,0,1440,0,0,0,0,8.0,0.813371212
sweing,2,0.8,28.08,776,10350,63,0,0,0,57.5,0.800594466
finishing,3,0.75,4.15,0,2700,0,0,0,0,15.0,0.83
sweing,3,0.8,19.87,924,9900,50,0,0,0,55.0,0.800273829
finishing,4,0.8,3.94,0,4440,0,0,0,0,18.0,0.827186544
sweing,4,0.8,28.08,990,10350,50,0,0,0,57.5,0.800594466
finishing,5,0.7,4.15,0,1440,0,0,0,0,8.0,0.330113636
sweing,5,0.7,21.98,413,9720,40,0,0,0,58.0,0.700480831
finishing,6,0.8,2.9,0,1800,0,0,0,0,10.0,0.666515152
sweing,6,0.8,11.41,986,5490,50,0,0,0,30.5,0.800343766
finishing,7,0.8,2.9,0,1440,0,0,0,0,8.0,0.804640152
sweing,7,0.8,25.9,1066,10170,50,0,0,0,56.5,0.800128721
finishing,8,0.8,2.9,0,1440,0,0,0,0,8.0,0.681060606
sweing,8,0.8,25.9,1135,10170,60,0,0,0,56.5,0.850136766
finishing,9,0.8,3.94,0,1440,0,0,0,0,8.0,0.880530303
sweing,9,0.8,26.16,1324,10620,75,0,0,0,59.0,0.850502311
finishing,10,0.75,3.94,0,1440,0,0,0,0,8.0,0.805909091
sweing,10,0.75,28.08,1144,10530,69,0,0,0,58.5,0.8
sweing,11,0.8,31.83,568,9900,40,0,0,0,55.0,0.412119835
sweing,12,0.8,11.61,1120,5670,50,0,0,0,31.5,0.800246753
finishing,1,0.8,3.94,0,1440,0,0,0,0,8.0,0.947689394
sweing,1,0.8,26.16,1189,10620,75,0,0,0,59.0,0.850502311
finishing,2,0.8,3.94,0,1440,0,0,0,0,8.0,0.835757576
sweing,2,0.8,28.08,783,10050,63,0,0,0,58.5,0.800497246
finishing,3,0.75,4.15,0,2160,0,0,0,0,12.0,0.712626263
sweing,3,0.8,19.87,857,9900,50,0,0,0,55.0,0.800273829
finishing,4,0.8,3.94,0,12600,0,0,0,0,20.0,0.919905405
sweing,4,0.8,28.08,942,10530,75,0,0,0,58.5,0.850181818
finishing,5,0.7,4.15,0,3840,0,0,0,0,8.0,0.821354167
sweing,5,0.7,42.41,724,10260,0,0,0,0,57.0,0.233705476
sweing,6,0.8,11.41,411,14640,50,0,0,0,30.5,0.800024932
finishing,7,0.8,2.9,0,1440,0,0,0,0,8.0,0.681060606
sweing,7,0.8,25.9,1050,10170,60,0,0,0,56.5,0.850136766
finishing,8,0.8,2.9,0,1440,0,0,0,0,8.0,0.735984848
sweing,8,0.8,25.9,1026,10170,60,0,0,0,56.5,0.850136766
finishing,9,0.8,3.94,0,1440,0,0,0,0,8.0,0.891723485
sweing,9,0.8,26.16,1216,10620,88,0,0,0,59.0,0.900215716
finishing,10,0.75,3.94,0,1440,0,0,0,0,8.0,0.779791667
sweing,10,0.75,28.08,1066,10530,69,0,0,0,58.5,0.8
finishing,11,0.8,4.15,0,900,0,0,0,0,5.0,0.515606061
finishing,1,0.8,3.94,0,2160,0,0,0,0,8.0,0.985
sweing,1,0.8,26.16,1335,10620,63,0,0,0,59.0,0.800117103
finishing,2,0.8,3.94,0,1440,0,0,0,0,8.0,0.817102273
sweing,2,0.8,28.08,749,10350,63,0,0,0,57.5,0.800594466
finishing,3,0.75,4.15,0,2760,0,0,0,0,12.0,0.930340376
sweing,3,0.75,19.87,1075,7080,45,0,0,0,56.0,0.750098351
finishing,4,0.8,3.94,0,6000,0,0,0,0,20.0,0.911589744
sweing,4,0.8,28.08,660,10440,63,0,0,0,58.0,0.801028213
sweing,6,0.8,11.41,887,5490,50,0,0,0,30.5,0.800343766
finishing,7,0.8,2.9,0,1440,0,0,0,0,8.0,0.670075758
sweing,7,0.8,25.9,970,10170,60,0,0,0,56.5,0.850136766
finishing,8,0.8,2.9,0,1440,0,0,0,0,8.0,0.628882576
sweing,8,0.8,25.9,1158,10170,60,0,0,0,56.5,0.850136766
finishing,9,0.8,3.94,0,1440,0,0,0,0,8.0,0.858143939
sweing,9,0.8,26.16,1122,10620,75,0,0,0,59.0,0.851174114
finishing,10,0.8,3.94,0,1440,0,0,0,0,8.0,0.846950758
sweing,10,0.8,28.08,1082,10530,63,0,0,0,58.5,0.8
finishing,11,0.8,4.15,0,1440,0,0,0,0,8.0,0.817424242
sweing,12,0.8,11.61,893,4710,50,0,0,0,31.5,0.800346445
finishing,1,0.8,3.94,0,1440,0,0,0,0,8.0,0.873068182
sweing,1,0.8,26.16,1383,10620,75,0,0,0,59.0,0.850502311
finishing,2,0.8,3.94,0,1440,0,0,0,0,8.0,0.820833333
sweing,2,0.8,28.08,805,10530,63,0,0,0,58.5,0.8
finishing,3,0.75,4.15,0,1440,0,0,0,0,8.0,0.93532197
sweing,3,0.8,19.87,1043,6420,0,0,0,0,55.0,0.690182815
finishing,4,0.8,3.94,0,3600,0,0,0,0,20.0,0.925643939
sweing,4,0.8,50.48,562,10440,0,0,0,0,58.0,0.473134796
sweing,5,0.6,20.79,1208,7980,0,0,0,0,57.0,0.452979626
finishing,6,0.8,2.9,0,1440,0,0,0,0,8.0,0.597348485
sweing,6,0.8,11.41,887,5490,50,0,0,0,30.5,0.800343766
finishing,7,0.8,2.9,0,1440,0,0,0,0,8.0,0.590435606
sweing,7,0.8,25.9,1012,10170,45,0,0,0,56.5,0.850136766
finishing,8,0.8,2.9,0,1440,0,0,0,0,8.0,0.653598485
sweing,8,0.8,25.9,1209,10170,60,0,0,0,56.5,0.850136766
finishing,9,0.8,3.94,0,1440,0,0,0,0,8.0,0.858143939
sweing,9,0.8,26.16,1095,10620,88,0,0,0,59.0,0.900215716
finishing,10,0.8,3.94,0,1440,0,0,0,0,8.0,0.828295455
sweing,10,0.8,28.08,762,10530,38,0,0,0,58.5,0.8
finishing,11,0.8,4.15,0,1440,0,0,0,0,8.0,0.668087121
sweing,11,0.6,12.52,831,9540,30,0,0,0,53.0,0.600229846
sweing,12,0.8,11.61,896,5670,50,0,0,0,31.5,0.800246753
finishing,1,0.8,3.94,0,1440,0,0,0,0,8.0,0.955151515
sweing,1,0.8,26.16,1099,8220,75,0,0,0,59.0,0.850522167
finishing,2,0.8,3.94,0,1440,0,0,0,0,8.0,0.880530303
sweing,2,0.8,28.08,737,10530,63,0,0,0,58.5,0.8
finishing,3,0.8,4.15,0,1800,0,0,0,0,10.0,0.905454545
sweing,3,0.8,19.87,941,9900,0,0,0,0,55.0,0.800273829
finishing,5,0.65,4.15,0,1440,0,0,0,0,8.0,0.809564394
sweing,5,0.65,20.79,1141,8460,0,0,0,0,59.0,0.650040783
finishing,6,0.8,2.9,0,1440,0,0,0,0,8.0,0.817424242
sweing,6,0.8,11.41,843,5670,50,0,0,0,31.5,0.800181818
finishing,7,0.8,2.9,0,1440,0,0,0,0,8.0,0.648106061
sweing,7,0.8,25.9,1031,10170,60,0,0,0,56.5,0.850136766
finishing,8,0.8,2.9,0,1440,0,0,0,0,8.0,0.725
sweing,8,0.8,25.9,1233,10170,60,0,0,0,56.5,0.850136766
finishing,9,0.8,3.94,0,1440,0,0,0,0,8.0,0.858143939
sweing,9,0.8,26.16,1093,10620,75,0,0,0,59.0,0.850502311
finishing,10,0.8,3.94,0,1440,0,0,0,0,8.0,0.24625
sweing,10,0.8,50.48,381,6930,45,0,0,0,58.5,0.688557555
finishing,11,0.8,4.15,0,1440,0,0,0,0,8.0,0.640577652
sweing,11,0.65,12.52,1004,9540,44,0,0,0,53.0,0.64998056
sweing,12,0.8,11.61,760,4470,50,0,0,0,31.5,0.80007657
finishing,1,0.8,3.94,0,1440,0,0,0,0,2.0,0.951420455
sweing,1,0.8,26.16,1073,10620,75,0,0,0,59.0,0.850502311
finishing,2,0.8,3.94,0,1440,0,0,0,0,8.0,0.805909091
sweing,2,0.8,28.08,723,10530,50,0,0,0,58.5,0.8
finishing,3,0.8,4.15,0,1620,0,0,0,0,9.0,0.901262626
sweing,3,0.8,42.27,465,9900,54,0,0,0,55.0,0.705576584
finishing,5,0.65,4.15,0,1440,0,0,0,0,8.0,0.821354167
sweing,5,0.7,20.79,1297,10440,0,0,0,0,58.0,0.526810345
sweing,6,0.8,11.61,1004,5670,50,0,0,0,31.5,0.800246753
finishing,7,0.8,2.9,0,1440,0,0,0,0,8.0,0.670075758
sweing,7,0.8,25.9,1126,10170,60,0,0,0,56.5,0.850136766
finishing,8,0.8,2.9,0,1440,0,0,0,0,8.0,0.681060606
sweing,8,0.8,25.9,1211,10260,60,0,0,0,57.0,0.850252525
finishing,9,0.8,3.94,0,1440,0,0,0,0,8.0,0.858143939
sweing,9,0.8,26.16,1156,10620,75,0,0,0,59.0,0.850502311
finishing,10,0.8,3.94,0,5400,0,0,0,0,20.0,0.912766667
finishing,11,0.8,4.15,0,1440,0,0,0,0,8.0,0.601278409
sweing,11,0.7,27.13,530,9540,37,0,0,0,53.0,0.582301029
sweing,12,0.8,11.61,1063,5670,50,0,0,0,31.5,0.800246753
finishing,1,0.8,3.94,0,1440,0,0,0,0,8.0,0.891723485
sweing,1,0.8,26.16,1092,10620,63,0,0,0,59.0,0.800117103
finishing,2,0.8,3.94,0,1260,0,0,0,0,8.0,0.247316017
sweing,2,0.8,51.02,1086,4260,27,0,0,0,57.0,0.311207464
finishing,3,0.8,4.15,0,1440,0,0,0,0,7.0,0.820833333
sweing,4,0.6,22.4,816,5100,23,0,0,0,57.0,0.600369686
finishing,5,0.65,4.15,0,1440,0,0,0,0,15.0,0.864583333
sweing,5,0.7,20.79,965,7320,0,0,0,0,58.0,0.700095563
sweing,6,0.8,11.61,972,5670,38,0,0,0,31.5,0.800246753
finishing,7,0.8,2.9,0,1440,0,0,0,0,8.0,0.837594697
sweing,7,0.8,25.9,1150,10170,70,0,0,0,56.5,0.900144811
finishing,8,0.8,2.9,0,1440,0,0,0,0,8.0,0.667329545
sweing,8,0.8,25.9,1218,10170,60,0,0,0,56.5,0.850136766
finishing,9,0.8,3.94,0,1440,0,0,0,0,8.0,0.858143939
sweing,9,0.8,26.16,1232,10620,75,0,0,0,59.0,0.850502311
finishing,10,0.8,3.94,0,1260,0,0,0,0,8.0,0.332359307
finishing,11,0.8,4.15,0,1980,0,0,0,0,7.0,0.934607438
sweing,12,0.8,11.61,1159,2970,50,0,0,0,31.5,0.800313433
finishing,1,0.8,3.94,0,1440,0,0,0,0,8.0,0.884261364
sweing,1,0.8,26.16,1160,10620,75,0,0,0,59.0,0.850502311
sweing,4,0.65,22.52,872,10080,26,0,0,0,56.0,0.650130952
finishing,5,0.65,4.15,0,1440,0,0,0,0,8.0,0.860653409
sweing,5,0.7,20.79,391,10440,0,0,0,0,58.0,0.700060345
sweing,6,0.8,11.61,1084,4950,38,0,0,0,31.5,0.80003139
finishing,7,0.8,2.9,0,1440,0,0,0,0,8.0,0.689299242
sweing,7,0.8,25.9,1281,10170,60,0,0,0,56.5,0.850136766
finishing,8,0.8,2.9,0,1440,0,0,0,0,8.0,0.606912879
sweing,8,0.8,25.9,1177,8970,60,0,0,0,56.5,0.850415628
finishing,9,0.8,3.94,0,1440,0,0,0,0,8.0,0.858143939
sweing,9,0.8,26.16,1369,10620,63,0,0,0,59.0,0.800117103
finishing,10,0.8,3.94,0,3420,0,0,0,0,19.0,0.953110048
sweing,10,0.6,22.52,1076,10170,23,0,0,0,56.5,0.600291767
sweing,12,0.8,11.61,1216,4950,50,0,0,0,31.5,0.80003139
finishing,1,0.8,3.94,0,1440,0,0,0,0,8.0,0.884261364
sweing,1,0.8,48.68,171,10620,63,0,0,0,59.0,0.800117103
finishing,2,0.8,3.94,0,1800,0,0,0,0,10.0,0.980909091
sweing,2,0.6,22.94,865,6570,23,0,0,0,56.5,0.77011398
sweing,3,0.6,22.52,1140,10170,30,0,0,0,56.5,0.600291767
sweing,4,0.7,22.52,825,10170,50,0,0,0,56.5,0.7005417
finishing,5,0.65,4.15,0,2700,0,0,0,0,15.0,0.98719697
sweing,5,0.7,41.19,1052,10440,21,0,0,0,58.0,0.452012539
finishing,6,0.8,2.9,0,900,0,0,0,0,5.0,0.465757576
sweing,6,0.8,11.41,1067,5490,63,0,0,0,30.5,0.800343766
finishing,7,0.8,2.9,0,1440,0,0,0,0,8.0,0.661837121
sweing,7,0.8,25.9,1396,10170,50,0,0,0,56.5,0.800128721
finishing,8,0.8,2.9,0,1440,0,0,0,0,8.0,0.675568182
sweing,8,0.8,25.9,1292,10170,50,0,0,0,56.5,0.800128721
finishing,9,0.8,3.94,0,1800,0,0,0,0,10.0,0.82680303
sweing,9,0.8,26.16,1128,10620,63,0,0,0,59.0,0.800117103
finishing,10,0.8,3.94,0,1440,0,0,0,0,8.0,0.974621212
sweing,10,0.65,22.52,1163,9720,35,0,0,0,54.0,0.650198653
finishing,11,0.8,4.15,0,1260,0,0,0,0,7.0,0.313852814
sweing,11,0.6,14.89,1027,10080,38,0,0,0,56.0,0.600273268
sweing,12,0.8,11.61,1039,5670,63,0,0,0,31.5,0.800246753
sweing,1,0.8,49.1,1381,10350,24,0,0,0,57.5,0.403242161
sweing,2,0.65,22.94,1025,10170,26,0,0,0,56.5,0.650243497
sweing,3,0.65,22.52,1138,10170,35,0,0,0,56.5,0.650416734
sweing,4,0.7,22.52,882,10170,50,0,0,0,56.5,0.7005417
finishing,5,0.6,4.15,0,1440,0,0,0,0,8.0,0.852793561
sweing,5,0.6,20.4,1031,10440,30,0,0,0,58.0,0.600062696
finishing,6,0.8,2.9,0,1800,0,0,0,0,10.0,0.804848485
sweing,6,0.8,11.41,1140,5490,63,0,0,0,30.5,0.800343766
finishing,7,0.8,2.9,0,1440,0,0,0,0,8.0,0.692045455
sweing,7,0.8,48.84,624,10170,50,0,0,0,56.5,0.800128721
finishing,8,0.8,2.9,0,1440,0,0,0,0,8.0,0.639867424
sweing,8,0.8,25.9,1288,10170,38,0,0,0,56.5,0.800128721
finishing,9,0.8,3.94,0,1800,0,0,0,0,10.0,0.582045455
sweing,9,0.8,26.16,1381,3660,50,0,0,0,59.0,0.800015009
finishing,10,0.7,3.94,0,1440,0,0,0,0,8.0,0.235795455
sweing,10,0.7,22.52,1002,10080,40,0,0,0,56.0,0.700094156
finishing,11,0.65,4.15,0,2160,0,0,0,0,12.0,0.838383838
sweing,11,0.65,14.89,1140,10260,44,0,0,0,57.0,0.650299575
sweing,12,0.8,26.87,585,5670,56,0,0,0,31.5,0.662255892
sweing,2,0.7,22.94,1006,10170,38,0,0,0,56.5,0.750517565
sweing,3,0.7,22.52,1095,10170,50,0,0,0,56.5,0.750062751
finishing,4,0.7,4.3,0,5040,0,0,0,0,28.0,0.977272727
sweing,4,0.7,22.52,930,10260,63,0,0,0,57.0,0.750068049
finishing,5,0.65,4.15,0,1440,0,0,0,0,8.0,0.958901515
sweing,5,0.65,20.4,1255,8280,35,0,0,0,58.0,0.650066445
sweing,6,0.8,11.41,1028,4380,50,0,0,0,31.0,0.800358775
sweing,7,0.8,48.84,1040,10260,30,0,0,0,57.0,0.576460393
finishing,8,0.8,2.9,0,1440,0,0,0,0,8.0,0.683806818
sweing,8,0.8,25.9,1380,3630,50,0,0,0,56.5,0.800162602
finishing,9,0.8,3.94,0,1800,0,0,0,0,10.0,0.964106061
sweing,9,0.8,26.16,1196,10620,63,0,0,0,59.0,0.800117103
finishing,10,0.7,3.94,0,1440,0,0,0,0,8.0,0.538399621
sweing,10,0.7,22.52,938,10080,63,0,0,0,56.0,0.750057359
finishing,11,0.7,4.15,0,1440,0,0,0,0,8.0,0.409545455
sweing,11,0.7,14.89,1484,10260,50,0,0,0,57.0,0.700170388
finishing,12,0.8,2.9,0,1440,0,0,0,0,8.0,0.793844697
sweing,2,0.7,22.94,1363,10260,50,0,0,0,57.0,0.750031898
sweing,3,0.7,22.52,1134,8460,50,0,0,0,57.0,0.750037968
sweing,4,0.7,22.52,983,10260,63,0,0,0,57.0,0.750068049
finishing,5,0.7,4.15,0,1440,0,0,0,0,8.0,1.033570076
sweing,5,0.7,20.4,1352,10260,50,0,0,0,57.0,0.700063796
sweing,6,0.8,11.41,1047,5580,63,0,0,0,31.0,0.800261486
finishing,8,0.8,2.9,0,1440,0,0,0,0,8.0,0.639867424
sweing,8,0.8,25.9,1434,10170,50,0,0,0,56.5,0.800128721
finishing,9,0.8,3.94,0,1800,0,0,0,0,10.0,0.72830303
sweing,9,0.8,26.16,399,10620,63,0,0,0,59.0,0.800117103
sweing,10,0.7,22.52,1108,10080,63,0,0,0,56.0,0.750057359
finishing,11,0.7,4.15,0,2700,0,0,0,0,15.0,0.362666667
sweing,11,0.7,14.89,1501,10260,50,0,0,0,57.0,0.700170388
finishing,1,0.65,3.94,0,2400,0,0,0,0,8.0,0.505128205
sweing,1,0.65,22.94,1595,10260,34,0,0,0,57.0,0.700029771
finishing,2,0.7,3.94,0,5100,0,0,0,0,17.0,0.912202112
sweing,2,0.7,22.94,1422,10500,60,0,0,0,57.0,0.800415742
sweing,3,0.7,22.52,1139,10260,63,0,0,0,57.0,0.750068049
finishing,4,0.75,4.3,0,6000,0,0,0,0,20.0,0.978525641
sweing,4,0.75,22.52,825,10080,94,0,0,0,56.0,0.900556277
finishing,5,0.7,4.15,0,2400,0,0,0,0,8.0,0.758173077
sweing,5,0.7,20.4,1404,10440,50,0,0,0,58.0,0.750344828
sweing,6,0.8,11.61,916,5760,75,0,0,0,89.0,0.850410511
finishing,8,0.8,2.9,0,2400,0,0,0,0,8.0,0.594871795
sweing,8,0.8,25.9,562,7470,38,0,0,0,56.5,0.800436542
finishing,9,0.8,3.94,0,2400,0,0,0,0,8.0,0.827147436
sweing,9,0.8,54.56,757,4140,29,0,0,0,58.0,0.520237649
sweing,10,0.7,22.52,1206,10080,75,0,0,0,56.0,0.800020563
finishing,11,0.7,4.15,0,2700,0,0,0,0,9.0,0.470769231
sweing,11,0.7,14.89,1735,10260,50,0,0,0,57.0,0.700170388
sweing,12,0.6,15.26,1245,6360,23,0,0,0,34.0,0.60017284
finishing,1,0.7,3.94,0,15000,0,0,0,0,25.0,0.649662222
sweing,1,0.7,22.94,1384,12180,63,0,0,0,57.0,0.750162367
finishing,2,0.7,3.94,0,15000,0,0,0,0,25.0,0.649662222
sweing,2,0.7,22.94,1510,10620,60,0,0,0,57.0,0.800302791
finishing,3,0.7,3.94,0,12000,0,0,0,0,20.0,0.460578704
sweing,3,0.7,22.52,1244,10260,63,0,0,0,57.0,0.750068049
finishing,4,0.75,4.3,0,9000,0,0,0,0,15.0,0.670216049
sweing,4,0.75,22.52,759,10080,81,0,0,0,56.0,0.849983766
finishing,5,0.7,4.15,0,9000,0,0,0,0,15.0,0.742901235
sweing,5,0.7,20.4,1480,10440,40,0,0,0,58.0,0.700250784
finishing,6,0.8,2.9,0,4800,0,0,0,0,8.0,0.626822917
sweing,6,0.8,11.61,955,6360,63,0,0,0,32.0,0.800191989
finishing,7,0.6,3.94,0,6000,0,0,0,0,10.0,0.957638889
sweing,7,0.6,22.52,1859,10260,23,0,0,0,57.0,0.60041361
finishing,8,0.8,2.9,0,4800,0,0,0,0,8.0,0.397743056
sweing,8,0.8,40.99,980,10770,30,0,0,0,56.5,0.555500132
finishing,10,0.75,3.94,0,8400,0,0,0,0,14.0,0.940701058
sweing,10,0.75,22.52,1328,10080,55,0,0,0,56.0,0.800020563
sweing,11,0.7,14.89,1863,10260,50,0,0,0,57.0,0.700170388
finishing,12,0.6,4.08,0,5400,0,0,0,0,9.0,0.327407407
sweing,12,0.6,15.26,1492,6960,23,0,0,0,34.0,0.600436426
finishing,1,0.7,3.94,0,1440,0,0,0,0,8.0,0.578314394
sweing,1,0.7,22.94,1472,10260,75,0,0,0,57.0,0.800643806
finishing,2,0.75,3.94,0,1440,0,0,0,0,8.0,0.578314394
sweing,2,0.75,22.94,1606,10260,94,0,0,0,57.0,0.90064806
finishing,3,0.75,3.94,0,1440,0,0,0,0,8.0,0.895454545
sweing,3,0.75,22.52,1266,10260,69,0,0,0,57.0,0.80035194
finishing,4,0.75,4.3,0,2160,0,0,0,0,12.0,0.651515152
sweing,4,0.75,22.52,727,10260,94,0,0,0,57.0,0.900321106
finishing,5,0.7,4.15,0,2700,0,0,0,0,15.0,0.966666667
sweing,5,0.7,20.4,1382,10440,50,0,0,0,58.0,0.700250784
sweing,6,0.8,11.61,1009,5640,63,0,0,0,32.0,0.800537143
finishing,7,0.65,3.94,0,2160,0,0,0,0,12.0,0.870580808
sweing,7,0.65,22.52,1295,10170,26,0,0,0,56.5,0.650416734
finishing,8,0.8,2.9,0,1620,0,0,0,0,9.0,0.910521886
finishing,9,0.6,3.94,0,1440,0,0,0,0,8.0,0.261174242
sweing,9,0.6,29.12,925,6660,23,0,0,0,58.0,0.600125217
finishing,10,0.75,3.94,0,1800,0,0,0,0,10.0,0.937242424
sweing,10,0.75,22.52,1332,10080,69,0,0,0,56.0,0.80062987
finishing,11,0.75,4.15,0,1800,0,0,0,0,10.0,0.896022727
sweing,11,0.75,42.97,1282,10260,56,0,0,0,57.0,0.750041201
finishing,12,0.7,4.08,0,1620,0,0,0,0,9.0,0.858585859
sweing,12,0.75,15.26,1316,6120,40,0,0,0,34.0,0.750079323
finishing,1,0.7,3.94,0,1440,0,0,0,0,8.0,0.970075758
sweing,1,0.7,22.94,1682,10530,75,0,0,0,58.5,0.800909609
finishing,2,0.75,3.94,0,1440,0,0,0,0,8.0,0.970075758
sweing,2,0.75,22.94,1636,10530,81,0,0,0,58.5,0.850223776
finishing,3,0.75,3.94,0,1620,0,0,0,0,9.0,0.961784512
sweing,3,0.75,22.52,1495,10350,55,0,0,0,57.5,0.800513307
finishing,4,0.75,4.3,0,2160,0,0,0,0,12.0,0.952020202
sweing,4,0.75,22.52,867,10260,94,0,0,0,57.0,0.900321106
finishing,5,0.7,4.15,0,3060,0,0,0,0,17.0,0.973796791
sweing,5,0.7,20.4,1217,10440,50,0,0,0,58.0,0.700250784
sweing,6,0.8,11.61,1181,5760,63,0,0,0,32.0,0.800386364
finishing,7,0.65,3.94,0,2520,0,0,0,0,14.0,0.749188312
sweing,7,0.7,22.52,360,10170,40,0,0,0,56.5,0.7005417
finishing,8,0.8,2.9,0,720,0,0,0,0,4.0,0.329545455
sweing,9,0.65,29.12,1086,10440,26,0,0,0,58.0,0.650407524
finishing,10,0.75,3.94,0,3420,0,0,0,0,19.0,0.955151515
sweing,10,0.75,22.52,1413,10080,69,0,0,0,56.0,0.800020563
sweing,11,0.75,42.97,532,10260,40,0,0,0,57.0,0.59114168
finishing,12,0.7,4.08,0,1620,0,0,0,0,9.0,0.618181818
sweing,12,0.7,15.26,1296,6120,40,0,0,0,34.0,0.70043672
finishing,1,0.7,3.94,0,1800,0,0,0,0,10.0,0.910378788
sweing,1,0.7,22.94,1745,10440,60,0,0,0,58.0,0.800023511
finishing,2,0.75,3.94,0,1800,0,0,0,0,10.0,0.910378788
sweing,2,0.75,22.94,1764,10260,55,0,0,0,57.0,0.800034024
finishing,3,0.75,3.94,0,1800,0,0,0,0,10.0,1.059621212
sweing,3,0.75,22.52,1584,10260,69,0,0,0,57.0,0.80035194
finishing,4,0.75,4.3,0,2160,0,0,0,0,12.0,0.963699495
sweing,4,0.8,22.52,1016,10170,60,0,0,0,56.5,0.850312684
finishing,5,0.7,4.15,0,2700,0,0,0,0,15.0,0.959191919
sweing,5,0.75,20.4,1118,10320,56,0,0,0,58.0,0.750031447
sweing,6,0.8,11.61,1072,5760,50,0,0,0,32.0,0.800386364
finishing,7,0.65,3.94,0,1440,0,0,0,0,8.0,0.646306818
sweing,8,0.6,15.09,1519,360,23,0,0,0,52.0,0.600143365
sweing,9,0.7,29.12,1143,10440,40,0,0,0,58.0,0.70061442
finishing,10,0.75,3.94,0,3780,0,0,0,0,21.0,0.997792208
sweing,10,0.75,22.52,1250,10080,55,0,0,0,56.0,0.800020563
finishing,12,0.7,4.08,0,1620,0,0,0,0,9.0,0.769292929
sweing,12,0.7,15.26,1337,6120,40,0,0,0,34.0,0.70043672
finishing,1,0.75,3.94,0,1200,0,0,0,0,10.0,0.77815
sweing,1,0.75,22.94,1871,6960,55,0,0,0,58.0,0.800263218
finishing,2,0.75,3.94,0,1200,0,0,0,0,10.0,0.788
sweing,2,0.75,22.52,1635,6840,119,0,0,0,57.0,1.000230409
finishing,3,0.75,3.94,0,1440,0,0,0,0,12.0,0.861875
sweing,3,0.75,22.52,1299,6840,119,0,0,0,57.0,1.000230409
finishing,4,0.8,4.3,0,1440,0,0,0,0,12.0,0.940625
sweing,4,0.8,22.52,1106,6780,60,0,0,0,56.5,0.850312684
finishing,6,0.8,2.9,0,960,0,0,0,0,8.0,0.6225
sweing,6,0.8,30.4,338,3840,34,0,0,0,32.0,0.622828125
finishing,8,0.65,3.94,0,960,0,0,0,0,8.0,0.845458333
sweing,8,0.65,15.09,976,240,23,0,0,0,52.0,0.650307143
sweing,9,0.7,29.12,1294,6960,50,0,0,0,58.0,0.700386207
finishing,10,0.8,3.94,0,1440,0,0,0,0,12.0,0.979527778
sweing,10,0.8,22.52,1134,6720,70,0,0,0,56.0,0.900129762
finishing,12,0.7,4.15,0,1080,0,0,0,0,9.0,0.823555556
sweing,12,0.7,15.26,1462,4080,40,0,0,0,34.0,0.700164706
finishing,1,0.75,3.94,0,1200,0,0,0,0,10.0,0.9456
sweing,1,0.75,22.94,1868,6960,81,0,0,0,58.0,0.850362069
finishing,2,0.8,3.94,0,1800,0,0,0,0,15.0,0.902222222
sweing,2,0.8,22.52,1559,6840,90,0,0,0,57.0,1.000230409
sweing,3,0.8,22.52,1350,6840,113,0,0,0,57.0,1.000230409
finishing,4,0.8,4.3,0,1440,0,0,0,0,12.0,0.722638889
sweing,4,0.8,22.52,1342,6780,50,0,0,0,56.5,0.800489676
sweing,5,0.6,20.79,1045,6960,88,0,0,0,58.0,0.800534483
finishing,7,0.6,3.94,0,960,0,0,0,0,8.0,0.406354167
sweing,7,0.6,23.54,958,6600,0,0,0,0,55.0,0.285333333
finishing,8,0.65,4.15,0,960,0,0,0,0,8.0,0.553333333
sweing,8,0.7,38.09,336,6240,0,0,0,0,52.0,0.467693269
sweing,9,0.7,29.12,1340,6960,63,0,0,0,58.0,0.750593103
finishing,10,0.8,3.94,0,1200,0,0,0,0,10.0,0.840533333
sweing,10,0.8,22.52,1175,6720,60,0,0,0,56.0,0.850532143
finishing,12,0.75,4.08,0,1080,0,0,0,0,9.0,0.755555556
sweing,12,0.75,15.26,1429,3600,45,0,0,0,35.0,0.750283333
finishing,1,0.75,3.94,0,1200,0,0,0,0,10.0,0.853666667
sweing,1,0.75,22.94,1579,6960,81,0,0,0,58.0,0.850362069
finishing,2,0.8,3.94,0,1200,0,0,0,0,10.0,0.773333333
sweing,2,0.8,22.52,1416,6840,113,0,0,0,57.0,1.000230409
finishing,3,0.8,3.94,0,960,0,0,0,0,8.0,0.4925
sweing,3,0.8,22.52,1287,6840,100,0,0,0,57.0,0.950185965
finishing,4,0.8,4.3,0,1200,0,0,0,0,10.0,0.989
sweing,4,0.8,22.52,1444,6900,88,0,0,0,57.5,0.9008
sweing,5,0.65,20.79,1015,7080,81,0,0,0,59.0,0.800473729
sweing,7,0.65,23.54,830,6600,0,0,0,0,55.0,0.48792
finishing,8,0.65,4.15,0,960,0,0,0,0,8.0,0.877552083
sweing,9,0.7,29.12,1170,6960,53,0,0,0,58.0,0.850170115
finishing,10,0.8,3.94,0,1200,0,0,0,0,10.0,0.85695
sweing,10,0.8,22.52,1088,6720,88,0,0,0,56.0,0.900129762
finishing,11,0.6,2.9,0,960,0,0,0,0,8.0,0.864583333
sweing,11,0.6,20.1,1601,4320,46,0,0,0,51.0,0.60059761
finishing,12,0.75,4.08,0,1080,0,0,0,0,9.0,0.634666667
sweing,12,0.75,15.26,1436,4200,45,0,0,0,35.0,0.750646667
finishing,1,0.75,3.94,0,1800,0,0,0,0,15.0,0.971866667
sweing,1,0.75,22.94,1502,6960,81,0,0,0,58.0,0.850362069
finishing,2,0.8,3.94,0,1200,0,0,0,0,10.0,0.971866667
sweing,2,0.8,22.52,1397,6840,113,0,0,0,57.0,1.000230409
finishing,3,0.8,3.94,0,960,0,0,0,0,8.0,0.971866667
sweing,3,0.8,22.52,1136,6960,113,0,0,0,58.0,1.000457471
finishing,4,0.8,3.94,0,1200,0,0,0,0,10.0,0.971866667
sweing,4,0.8,22.52,1432,6660,88,0,0,0,57.5,0.900537069
finishing,5,0.7,3.94,0,240,0,0,0,0,2.0,0.971866667
sweing,5,0.7,50.89,282,5880,56,0,0,0,59.0,0.656763743
finishing,6,0.6,3.94,0,1200,0,0,0,0,10.0,0.971866667
sweing,6,0.6,18.79,799,3960,23,0,0,0,33.0,0.600710606
finishing,7,0.7,3.94,0,1200,0,0,0,0,10.0,0.971866667
sweing,7,0.7,23.54,1109,6720,0,0,0,0,56.0,0.388830357
finishing,8,0.65,3.94,0,960,0,0,0,0,8.0,0.971866667
finishing,9,0.75,3.94,0,240,0,0,0,0,2.0,0.971866667
sweing,9,0.75,29.12,1082,6840,81,0,0,0,57.0,0.850610526
finishing,10,0.8,3.94,0,1200,0,0,0,0,10.0,0.971866667
sweing,10,0.8,22.52,1116,6720,93,0,0,0,56.0,0.920236905
finishing,11,0.65,3.94,0,600,0,0,0,0,5.0,0.971866667
sweing,11,0.65,20.1,1417,6480,49,0,0,0,54.0,0.650148148
finishing,12,0.75,4.08,0,1080,0,0,0,0,9.0,0.971866667
sweing,12,0.75,15.26,1209,4200,45,0,0,0,35.0,0.750646667
finishing,1,0.75,3.94,0,2280,0,0,0,0,19.0,0.950438596
sweing,1,0.8,22.94,1582,3060,113,0,0,0,58.5,1.000402055
finishing,2,0.8,3.94,0,1200,0,0,0,0,10.0,0.912766667
sweing,2,0.8,22.52,1396,6900,113,0,0,0,57.5,1.000671304
sweing,3,0.8,22.52,1124,6840,100,0,0,0,57.0,0.950185965
finishing,4,0.8,4.3,0,1440,0,0,0,0,12.0,0.845069444
sweing,4,0.8,22.52,1472,7020,60,0,0,0,58.5,0.85011396
finishing,6,0.6,2.9,0,1200,0,0,0,0,10.0,0.314166667
sweing,6,0.65,18.79,881,3960,26,0,0,0,33.0,0.651007071
finishing,7,0.7,3.94,0,2160,0,0,0,0,18.0,0.892194444
sweing,7,0.7,24.26,1400,6720,0,0,0,0,56.0,0.411553571
finishing,8,0.65,4.15,0,960,0,0,0,0,8.0,1.0115625
sweing,8,0.6,24.26,1196,6600,0,0,0,0,55.0,0.466821212
sweing,9,0.75,29.12,1282,6960,45,0,0,0,58.0,0.750593103
finishing,10,0.8,3.94,0,1200,0,0,0,0,10.0,0.8865
sweing,10,0.8,22.52,1282,6720,75,0,0,0,56.0,0.850532143
sweing,11,0.7,20.1,1192,6120,75,0,0,0,54.0,0.700508929
finishing,12,0.75,4.08,0,1080,0,0,0,0,9.0,0.702666667
sweing,12,0.75,15.26,1276,1440,45,0,0,0,35.0,0.750450658
finishing,1,0.75,3.94,0,2280,0,0,0,0,19.0,0.504596491
finishing,4,0.8,4.3,0,1440,0,0,0,0,12.0,0.809236111
finishing,6,0.6,2.9,0,1200,0,0,0,0,10.0,0.280333333
sweing,7,0.7,24.26,2698,6720,0,0,0,0,56.0,0.295307738
finishing,8,0.65,4.15,0,960,0,0,0,0,8.0,0.561979167
sweing,8,0.65,24.26,1435,6600,0,0,0,0,55.0,0.260978788
finishing,9,0.75,3.94,0,960,0,0,0,0,8.0,0.994270833
finishing,10,0.8,3.94,0,1200,0,0,0,0,10.0,0.85695
finishing,12,0.75,4.08,0,1080,0,0,0,0,9.0,0.740444444
finishing,1,0.8,3.94,0,1200,0,0,0,0,10.0,0.99485
sweing,1,0.8,22.52,1500,6900,113,0,0,0,57.5,1.000018551
finishing,2,0.8,3.94,0,2400,0,0,0,0,20.0,1.001416667
sweing,2,0.8,22.52,1452,6960,100,0,0,0,58.0,0.949981609
sweing,3,0.8,22.52,1112,6840,100,0,0,0,57.0,0.950185965
finishing,4,0.8,4.3,0,1440,0,0,0,0,12.0,0.5375
sweing,4,0.8,22.52,340,5460,63,0,0,0,56.5,0.800434622
sweing,5,0.6,30.1,415,6960,0,0,0,0,58.0,0.415172414
finishing,6,0.7,2.9,0,960,0,0,0,0,8.0,0.495416667
sweing,6,0.7,18.79,913,4020,30,0,0,0,33.5,0.700184577
sweing,7,0.7,24.26,1639,6720,0,0,0,0,56.0,0.541517857
finishing,8,0.7,4.15,0,960,0,0,0,0,8.0,0.976979167
sweing,8,0.7,24.26,1363,6660,0,0,0,0,55.5,0.586465465
finishing,9,0.75,3.94,0,1320,0,0,0,0,11.0,0.919954545
sweing,9,0.75,29.12,1070,6960,34,0,0,0,58.0,0.750593103
sweing,10,0.8,22.52,1188,6720,90,0,0,0,56.0,0.999995238
sweing,11,0.7,25.31,946,5760,60,0,0,0,54.0,0.700513566
finishing,12,0.8,4.08,0,1080,0,0,0,0,9.0,0.778222222
sweing,12,0.8,15.26,1029,2040,50,0,0,0,35.0,0.800259023
finishing,1,0.8,3.94,0,1200,0,0,0,0,10.0,0.929183333
sweing,1,0.8,22.52,1532,6900,88,0,0,0,57.5,0.900147246
finishing,2,0.8,3.94,0,2160,0,0,0,0,18.0,0.966759259
sweing,2,0.8,22.52,1263,6900,100,0,0,0,57.5,1.05028058
sweing,3,0.8,22.52,968,6840,113,0,0,0,57.0,1.000230409
sweing,5,0.65,30.1,326,5820,0,90,10,0,58.5,0.650834808
finishing,6,0.7,2.9,0,960,0,0,0,0,8.0,0.531666667
sweing,6,0.7,18.79,941,3360,30,0,0,0,33.0,0.700710417
finishing,7,0.7,3.94,0,960,0,0,0,0,8.0,0.779791667
sweing,7,0.7,24.26,1471,6960,0,0,0,0,58.0,0.700612069
finishing,8,0.7,4.15,0,3000,0,0,0,0,25.0,0.915766667
sweing,8,0.7,29.12,1248,6840,0,0,0,0,57.0,0.700135088
finishing,9,0.75,3.94,0,960,0,0,0,0,8.0,0.755166667
sweing,9,0.8,22.52,1086,6960,50,0,0,0,58.0,0.799963218
sweing,10,0.8,22.52,1108,6720,113,0,0,0,56.0,0.999995238
sweing,11,0.7,10.05,1042,6120,60,0,0,0,53.0,0.700278846
finishing,12,0.8,4.08,0,1080,0,0,0,0,9.0,0.687555556
sweing,12,0.8,15.26,1094,4080,38,0,0,0,34.0,0.800401961
finishing,1,0.8,3.94,0,1440,0,0,0,0,12.0,0.845458333
sweing,1,0.8,22.52,1485,6900,113,0,0,0,57.5,1.000018551
finishing,2,0.8,3.94,0,2640,0,0,0,0,22.0,0.999924242
sweing,2,0.8,22.52,1300,6780,113,0,0,0,56.5,1.000446018
sweing,3,0.8,22.52,1063,6840,100,0,0,0,57.0,0.950185965
sweing,5,0.7,30.1,557,6960,0,0,0,0,58.0,0.562212644
finishing,6,0.7,2.9,0,960,0,0,0,0,8.0,0.9425
sweing,6,0.7,18.79,766,2760,30,0,0,0,33.0,0.700079032
finishing,7,0.7,3.94,0,1200,0,0,0,0,10.0,0.8471
sweing,8,0.7,24.26,1167,6840,0,0,0,0,57.0,0.496549708
sweing,9,0.8,29.12,1069,6960,50,0,0,0,58.0,0.799963218
finishing,10,0.8,3.94,0,960,0,0,0,0,8.0,0.771583333
sweing,10,0.8,22.52,1039,6720,113,0,0,0,56.0,0.999995238
sweing,11,0.75,10.05,668,2520,34,0,0,0,26.0,0.7504
finishing,12,0.8,4.08,0,1080,0,0,0,0,9.0,0.906666667
sweing,12,0.8,15.26,1083,720,38,0,0,0,34.0,0.800612676
finishing,1,0.8,3.94,0,1200,0,0,0,0,10.0,0.870083333
sweing,1,0.8,22.52,1534,6780,88,0,0,0,57.0,0.900135693
finishing,2,0.8,3.94,0,3000,0,0,0,0,25.0,1.050666667
sweing,2,0.8,22.52,1186,6900,113,0,0,0,58.0,1.000018551
sweing,3,0.8,22.52,1060,6840,100,0,0,0,57.0,0.950185965
finishing,4,0.8,4.3,0,960,0,0,0,0,8.0,0.447916667
sweing,4,0.6,30.1,486,6780,30,0,0,1,57.0,0.600224189
sweing,5,0.7,30.1,687,7500,0,0,0,0,59.0,0.545657673
finishing,6,0.75,2.9,0,960,0,0,0,0,8.0,0.845833333
sweing,6,0.75,18.79,813,1560,34,0,0,0,33.0,0.750520115
finishing,7,0.7,3.94,0,1200,0,0,0,0,10.0,0.715766667
sweing,7,0.7,24.26,658,6960,0,270,45,0,58.0,0.662270115
sweing,8,0.7,24.26,652,6840,0,300,37,0,57.0,0.365318713
finishing,9,0.8,3.94,0,960,0,0,0,0,8.0,0.771583333
sweing,9,0.8,29.12,829,6960,50,0,0,0,58.0,0.799963218
sweing,10,0.8,22.52,1142,6720,88,0,0,0,56.0,0.900129762
sweing,11,0.75,10.05,677,3240,45,0,0,0,27.0,0.750027778
finishing,12,0.8,4.08,0,1080,0,0,0,0,9.0,0.899111111
sweing,12,0.8,15.26,1021,4080,63,0,0,0,34.0,0.800401961
finishing,1,0.8,3.94,0,1200,0,0,0,0,10.0,0.893066667
sweing,1,0.8,22.52,1615,6780,88,0,0,0,56.5,0.900135693
finishing,2,0.8,3.94,0,2160,0,0,0,0,18.0,0.875555556
sweing,2,0.8,22.52,1233,6900,113,0,0,0,57.5,1.000018551
sweing,3,0.8,22.52,1283,6720,88,0,0,0,56.0,0.900129762
sweing,4,0.65,30.1,712,6780,44,0,0,1,56.5,0.568259587
sweing,5,0.7,30.1,754,7020,0,0,0,0,58.5,0.700618234
finishing,6,0.75,2.9,0,960,0,0,0,0,8.0,0.610208333
sweing,6,0.75,18.79,670,3960,34,0,0,0,33.0,0.75065101
finishing,7,0.7,4.15,0,1440,0,0,0,0,12.0,0.928680556
sweing,7,0.7,24.26,148,6960,0,0,0,0,58.0,0.355534483
finishing,8,0.7,4.15,0,1800,0,0,0,0,15.0,0.840888889
sweing,8,0.7,24.26,154,6840,0,0,0,0,57.0,0.353259649
finishing,9,0.8,3.94,0,960,0,0,0,0,8.0,0.607416667
sweing,9,0.8,29.12,909,6960,50,0,0,0,58.0,0.799963218
sweing,10,0.8,22.52,1388,6720,88,0,0,0,56.0,0.9008
sweing,11,0.75,10.05,629,3240,45,0,0,0,27.0,0.750027778
finishing,12,0.8,4.08,0,1080,0,0,0,0,9.0,0.891555556
sweing,12,0.8,15.26,1026,2880,63,0,0,0,34.0,0.800355208
finishing,1,0.8,3.94,0,1200,0,0,0,0,10.0,0.962016667
sweing,1,0.8,22.52,1506,3600,70,0,0,0,57.0,0.900509044
finishing,2,0.8,3.94,0,2160,0,0,0,0,18.0,1.057962963
sweing,2,0.8,22.52,1413,360,70,0,0,0,57.0,0.900477825
sweing,3,0.8,22.52,1271,5400,50,0,0,0,57.0,0.800161172
sweing,4,0.7,30.1,767,3300,50,0,0,1,57.0,0.790003236
sweing,5,0.7,30.1,773,7020,40,0,0,0,58.0,0.700618234
finishing,6,0.75,2.9,0,960,0,0,0,0,8.0,0.888125
sweing,6,0.75,18.79,708,4080,0,0,0,0,34.0,0.612517157
finishing,9,0.8,3.94,0,960,0,0,0,0,8.0,0.697708333
sweing,9,0.8,29.12,1073,6960,50,0,0,0,58.0,0.799963218
sweing,10,0.8,22.52,1127,120,88,0,0,0,56.0,0.9008
sweing,11,0.75,10.05,103,0,45,0,0,0,54.0,0.750648148
finishing,12,0.8,4.08,0,1080,0,0,0,0,9.0,0.272
sweing,12,0.8,15.26,970,4080,63,0,0,0,34.0,0.800401961
finishing,1,0.8,3.94,0,1440,0,0,0,0,12.0,0.853666667
sweing,1,0.8,22.52,1546,0,88,0,0,0,57.0,0.90047076
finishing,2,0.8,3.94,0,2160,0,0,0,0,18.0,0.966759259
sweing,2,0.8,22.52,1512,0,88,0,0,0,57.0,0.899984058
sweing,3,0.8,22.52,813,0,88,0,0,0,57.0,0.90047076
finishing,4,0.7,4.15,0,1800,0,0,0,0,15.0,0.796755556
sweing,4,0.7,30.1,855,7020,40,0,0,1,58.0,0.700618234
sweing,5,0.75,30.1,855,7020,45,0,0,0,58.0,0.750356125
finishing,6,0.75,2.9,0,960,0,0,0,0,8.0,0.628333333
sweing,6,0.75,18.79,640,2400,0,0,0,0,34.0,0.750797009
finishing,9,0.8,3.94,0,960,0,0,0,0,8.0,0.6895
sweing,9,0.8,29.12,1263,2160,38,0,0,0,58.0,0.8008
sweing,10,0.8,22.52,1268,0,88,0,0,0,56.0,0.90063244
sweing,11,0.8,10.05,13,3240,34,0,0,0,54.0,0.750648148
finishing,12,0.8,4.08,0,1080,0,0,0,0,9.0,1.004888889
sweing,12,0.8,15.26,900,4080,50,0,0,0,34.0,0.800401961
finishing,1,0.8,3.94,0,1440,0,0,0,0,12.0,0.618361111
sweing,1,0.8,22.52,1498,0,113,0,0,0,57.0,1.000065789
finishing,2,0.8,3.94,0,2160,0,0,0,0,18.0,0.912037037
sweing,2,0.8,22.52,1557,0,90,0,0,0,57.5,1.000344928
sweing,3,0.8,22.52,11,6840,0,0,0,1,57.0,0.536901754
finishing,4,0.7,4.15,0,1800,0,0,0,0,15.0,1.033155556
sweing,4,0.7,30.1,667,5940,40,0,0,1,59.5,0.700588406
finishing,5,0.7,4.15,0,240,0,0,0,0,2.0,0.87
sweing,5,0.75,30.1,788,7380,56,0,0,0,59.5,0.750406233
sweing,6,0.8,18.79,656,3480,38,0,0,0,34.0,0.800947475
sweing,7,0.6,30.1,829,3360,23,0,0,1,58.0,0.600070513
sweing,8,0.6,30.1,1069,4560,30,0,0,1,58.0,0.714410494
finishing,9,0.8,3.94,0,960,0,0,0,0,8.0,0.54175
sweing,9,0.8,29.12,609,3240,50,0,0,0,58.0,0.800144144
sweing,10,0.8,22.52,598,0,75,0,0,0,56.0,0.850364583
finishing,12,0.8,4.08,0,1080,0,0,0,0,9.0,1.02
sweing,12,0.8,15.26,854,4080,50,0,0,0,34.0,0.800401961
finishing,1,0.8,3.94,0,1440,0,0,0,0,12.0,0.664875
finishing,2,0.8,3.94,0,2160,0,0,0,0,18.0,0.601944444
sweing,2,0.8,22.52,1327,0,113,0,0,0,57.5,1.000344928
finishing,4,0.7,4.15,0,1800,0,0,0,0,15.0,1.096633333
sweing,4,0.7,30.1,419,7080,0,0,0,1,59.0,0.637711864
finishing,5,0.7,4.15,0,240,0,0,0,0,2.0,0.58
sweing,5,0.75,30.1,610,7080,56,0,0,0,59.0,0.750799435
sweing,6,0.8,18.79,779,3960,0,0,0,0,33.0,0.688017677
sweing,7,0.65,30.1,909,7080,0,0,0,1,59.0,0.535677966
sweing,8,0.65,30.1,1193,7080,0,0,0,1,59.0,0.463403955
finishing,9,0.8,3.94,0,960,0,0,0,0,8.0,0.656666667
sweing,9,0.8,29.12,14,6960,0,0,0,0,58.0,0.497885057
sweing,10,0.8,22.52,10,6000,0,0,0,0,50.0,0.441392
finishing,12,0.8,4.08,0,1080,0,0,0,0,9.0,0.838666667
sweing,12,0.8,15.26,894,4080,50,0,0,0,34.0,0.800401961
finishing,1,0.8,3.94,0,1440,0,0,0,0,12.0,0.796208333
sweing,1,0.8,22.52,1416,6840,113,0,0,0,57.0,1.000230409
sweing,2,0.8,22.52,674,3660,63,0,0,0,57.0,0.80037492
finishing,4,0.75,4.15,0,2400,0,0,0,0,20.0,0.902916667
sweing,4,0.75,30.1,481,7140,0,0,0,1,59.0,0.750392157
sweing,5,0.75,30.1,664,7140,56,0,0,0,59.0,0.750392157
finishing,6,0.8,2.9,0,960,0,0,0,0,8.0,0.483333333
sweing,6,0.8,18.79,822,4080,0,0,0,0,34.0,0.557252451
finishing,7,0.7,4.15,0,1800,0,0,0,0,15.0,0.929277778
sweing,7,0.7,30.1,957,7200,0,0,0,1,60.0,0.602
finishing,8,0.7,4.15,0,960,0,0,0,0,8.0,0.725625
sweing,8,0.7,30.1,824,5160,0,0,0,1,60.0,0.700206125
finishing,9,0.8,3.94,0,960,0,0,0,0,8.0,0.238041667
sweing,11,0.6,11.41,1039,2280,23,0,0,2,55.0,0.600447507
finishing,12,0.8,4.08,0,1080,0,0,0,0,9.0,0.800888889
sweing,12,0.8,15.26,942,4080,63,0,0,0,34.0,0.800401961
finishing,1,0.8,3.94,0,960,0,0,0,0,8.0,1.1204375
sweing,1,0.8,22.52,1420,6840,113,0,0,0,57.0,1.000230409
finishing,2,0.8,3.94,0,960,0,0,0,0,8.0,1.108125
sweing,2,0.8,22.52,12,6900,0,0,0,0,57.5,0.432122899
sweing,3,0.6,30.1,1361,6960,30,0,0,1,58.0,0.475718391
finishing,4,0.75,4.15,0,2400,0,0,0,0,20.0,0.287041667
sweing,4,0.75,30.1,919,7140,0,0,0,1,59.5,0.598627451
finishing,5,0.75,4.15,0,240,0,0,0,0,2.0,0.760833333
sweing,5,0.8,30.1,679,7140,0,0,0,0,59.5,0.722568627
finishing,6,0.8,2.9,0,960,0,0,0,0,8.0,0.604166667
sweing,6,0.75,18.79,814,4080,0,0,0,0,34.0,0.681598039
sweing,7,0.7,30.1,881,7080,0,0,0,1,59.0,0.700632768
finishing,8,0.7,4.15,0,960,0,0,0,0,8.0,0.605208333
sweing,8,0.7,30.1,507,5880,40,2,10,1,59.0,0.700573099
finishing,11,0.6,2.9,0,1200,0,0,0,0,10.0,0.715333333
sweing,11,0.65,11.41,700,2640,23,0,0,2,53.0,0.650223718
finishing,12,0.8,4.08,0,1080,0,0,0,0,9.0,0.876444444
sweing,12,0.8,15.26,1120,1440,50,0,0,0,34.0,0.800806306
sweing,1,0.8,22.52,1422,6840,113,0,0,0,57.0,1.000230409
sweing,3,0.65,30.1,1263,600,63,0,0,1,58.0,0.802243319
finishing,4,0.75,4.15,0,1800,0,0,0,0,15.0,0.722333333
sweing,4,0.75,30.1,912,7020,0,0,0,1,58.0,0.750356125
finishing,5,0.75,4.15,0,1200,0,0,0,0,10.0,0.629416667
sweing,5,0.8,30.1,461,0,0,0,0,0,59.0,0.800980392
finishing,6,0.8,2.9,0,960,0,0,0,0,8.0,0.773333333
sweing,6,0.75,18.79,895,3960,0,0,0,0,33.0,0.75065101
finishing,7,0.7,4.15,0,1800,0,0,0,0,15.0,0.258
sweing,7,0.7,30.1,784,600,30,0,0,1,59.0,0.700459889
sweing,8,0.7,30.1,7,7080,27,2,10,2,59.0,0.621971751
finishing,9,0.8,3.94,0,1200,0,0,0,0,10.0,0.960433333
sweing,9,0.6,18.79,2103,5400,0,0,0,1,54.0,0.329964879
sweing,10,0.6,18.22,1131,5280,0,0,0,1,44.0,0.35542803
sweing,11,0.7,11.41,680,2160,30,0,0,2,54.0,0.565972222
finishing,12,0.8,4.08,0,1080,0,0,0,0,9.0,0.891555556
sweing,12,0.8,15.26,1079,3720,38,0,0,0,34.0,0.800312375
sweing,1,0.8,22.52,1445,6840,113,0,0,0,57.0,1.000230409
finishing,2,0.8,5.13,0,1800,0,0,0,0,15.0,0.5814
sweing,3,0.7,30.1,1422,6960,50,0,0,1,58.0,0.700603448
finishing,4,0.75,5.13,0,960,0,0,0,0,8.0,0.656666667
sweing,4,0.75,30.1,849,7020,45,0,0,1,58.0,0.750356125
sweing,5,0.8,30.1,680,7140,0,0,0,0,59.0,0.653431373
finishing,6,0.8,2.9,0,960,0,0,0,0,8.0,0.749166667
sweing,6,0.75,18.79,726,3360,0,0,0,0,33.0,0.750621354
finishing,7,0.7,5.13,0,1200,0,0,0,0,10.0,0.91375
sweing,7,0.7,30.1,562,840,30,0,0,1,59.0,0.700888203
sweing,8,0.6,29.4,179,0,23,5,30,2,58.0,0.600982906
finishing,9,0.8,3.94,0,960,0,0,0,0,8.0,0.586041667
sweing,9,0.65,18.79,2120,5520,0,0,0,1,51.0,0.650134
finishing,10,0.8,3.94,0,960,0,0,0,0,8.0,0.927541667
sweing,10,0.65,18.22,741,0,0,8,35,1,49.0,0.302117347
sweing,11,0.7,11.41,1054,3420,30,0,0,2,56.0,0.700614035
finishing,12,0.8,5.13,0,1080,0,0,0,0,9.0,0.9025
sweing,12,0.8,15.26,1133,4080,38,0,0,0,34.0,0.800401961
sweing,1,0.8,22.52,1374,3960,63,0,0,0,57.0,0.800279693
finishing,2,0.8,5.13,0,1440,0,0,0,0,12.0,0.919125
sweing,2,0.6,30.33,868,6840,0,0,0,1,57.0,0.328131579
sweing,3,0.7,30.1,1057,0,40,0,0,1,58.0,0.700603448
finishing,4,0.75,5.13,0,960,0,0,0,0,8.0,0.734645833
sweing,4,0.8,30.1,864,480,50,0,0,1,58.0,0.800980392
sweing,5,0.8,30.1,511,0,0,0,0,0,59.0,0.800980392
finishing,6,0.8,2.9,0,1440,0,0,0,0,12.0,0.936861111
sweing,6,0.75,18.79,759,3960,34,0,0,0,33.0,0.75065101
finishing,7,0.7,5.13,0,960,0,0,0,0,8.0,0.671875
sweing,7,0.75,30.1,553,2280,45,0,0,1,59.0,0.75053268
finishing,8,0.7,5.13,0,960,0,0,0,0,8.0,0.58
sweing,8,0.65,29.4,962,4560,0,5,30,2,57.0,0.251399254
finishing,9,0.8,3.94,0,960,0,0,0,0,8.0,0.549791667
sweing,9,0.7,18.79,1587,4560,30,0,0,1,51.0,0.70009573
finishing,10,0.8,3.94,0,960,0,0,0,0,8.0,0.64025
sweing,10,0.7,19.68,1119,5640,0,8,35,1,47.0,0.303574468
sweing,11,0.7,11.41,685,3360,30,0,0,2,56.0,0.8211125
finishing,12,0.8,5.13,0,1200,0,0,0,0,10.0,0.9918
sweing,12,0.8,15.26,1095,4080,63,0,0,0,34.0,0.800401961
sweing,1,0.8,22.52,265,3840,63,0,0,0,57.0,0.800470513
finishing,2,0.8,5.13,0,3600,0,0,0,0,15.0,0.710125
sweing,2,0.65,30.33,841,6840,0,0,0,1,57.0,0.585315789
sweing,3,0.7,30.1,247,6960,50,0,0,1,58.0,0.700603448
finishing,4,0.75,5.13,0,1920,0,0,0,0,8.0,0.684027778
sweing,4,0.8,30.1,859,7020,63,0,0,1,58.5,0.800094017
finishing,5,0.75,5.13,0,1920,0,0,0,0,8.0,0.631354167
sweing,5,0.8,30.1,276,600,63,4,15,0,59.5,0.799982853
finishing,6,0.8,2.9,0,4320,0,0,0,0,18.0,0.785864198
sweing,6,0.75,18.79,899,3960,56,0,0,0,33.0,0.75065101
sweing,7,0.75,30.1,444,0,0,5,20,1,59.0,0.611140537
finishing,8,0.7,5.13,0,1920,0,0,0,0,8.0,0.672135417
sweing,8,0.7,29.4,1116,6240,0,0,0,2,57.0,0.7
sweing,9,0.7,18.79,1603,6120,30,0,0,1,51.0,0.638614379
finishing,10,0.8,3.94,0,2400,0,0,0,0,10.0,0.733277778
sweing,10,0.7,19.68,1410,5760,0,0,0,1,48.0,0.249416667
sweing,11,0.7,11.41,653,3480,30,0,0,2,58.0,0.700540441
finishing,12,0.8,5.13,0,2160,0,0,0,0,9.0,0.609583333
sweing,12,0.8,15.26,1126,1080,38,0,0,0,34.0,0.800711494
finishing,1,0.8,3.94,0,2880,0,0,0,0,12.0,0.727349537
finishing,2,0.8,5.13,0,4800,0,0,0,0,20.0,0.8300625
sweing,2,0.7,30.33,746,6840,0,0,0,1,57.0,0.700605263
sweing,3,0.7,30.1,1041,8160,33,0,0,2,58.0,0.626577778
sweing,4,0.8,30.1,922,5820,63,0,0,1,59.0,0.80000295
sweing,5,0.8,30.1,450,5700,0,5,25,0,60.0,0.307501459
finishing,6,0.8,2.9,0,960,0,0,0,0,8.0,0.8319375
sweing,6,0.75,18.79,1055,3960,45,0,0,0,33.0,0.75065101
finishing,7,0.7,5.13,0,960,0,0,0,0,8.0,0.283958333
sweing,7,0.75,30.1,627,6960,0,4,20,1,58.0,0.393548851
sweing,8,0.7,29.4,1146,6840,40,0,0,2,57.0,0.700614035
finishing,9,0.8,3.94,0,2400,0,0,0,0,10.0,0.753525
sweing,9,0.7,18.79,1717,3240,30,0,0,1,57.0,0.627011183
finishing,10,0.8,3.94,0,960,0,0,0,0,8.0,0.385791667
sweing,10,0.7,21.25,1531,6000,0,0,0,1,50.0,0.456875
finishing,11,0.6,2.9,0,2880,0,0,0,0,12.0,0.805555556
sweing,11,0.75,11.41,834,3480,0,0,0,2,58.0,0.672140805
finishing,12,0.8,5.13,0,2400,0,0,0,0,10.0,0.78375
sweing,12,0.8,15.26,1103,4080,63,0,0,0,34.0,0.800401961
finishing,2,0.8,5.13,0,960,0,0,0,0,8.0,0.36871875
sweing,2,0.7,30.33,577,2160,30,0,0,1,58.0,0.700623
finishing,3,0.8,5.13,0,2160,0,0,0,0,18.0,0.87115
sweing,3,0.7,29.4,1228,6960,30,0,0,2,58.0,0.700362069
sweing,4,0.8,30.1,891,7140,38,0,0,1,59.0,0.800137255
sweing,5,0.8,30.1,541,7140,38,0,0,0,59.0,0.800137255
finishing,6,0.8,2.9,0,960,0,0,0,0,8.0,0.3715625
sweing,6,0.75,18.79,1100,3960,45,0,0,0,33.0,0.75065101
finishing,7,0.7,5.13,0,960,0,0,0,0,8.0,0.356458333
sweing,7,0.75,30.1,709,6960,45,0,0,1,58.0,0.750770115
finishing,8,0.7,5.13,0,960,0,0,0,0,8.0,0.930416667
sweing,8,0.7,29.4,1094,6840,40,0,0,2,57.0,0.700614035
finishing,9,0.8,2.9,0,960,0,0,0,0,8.0,0.3715625
sweing,9,0.7,18.79,1641,6000,40,0,0,1,50.0,0.60128
finishing,10,0.8,3.94,0,2400,0,0,0,0,20.0,0.955791667
sweing,10,0.7,21.25,1583,6000,0,0,0,1,50.0,0.417916667
sweing,11,0.75,11.41,826,2820,0,0,0,2,58.0,0.750293939
finishing,12,0.8,5.13,0,1080,0,0,0,0,9.0,0.9025
sweing,12,0.8,15.26,1060,4080,63,0,0,0,34.0,0.800401961
sweing,1,0.6,22.53,708,5040,0,0,0,1,42.0,0.268214286
finishing,2,0.7,3.9,0,960,0,0,0,0,8.0,0.325
sweing,2,0.7,30.33,408,1680,30,0,0,1,59.0,0.700623
finishing,3,0.8,4.6,0,1440,0,0,0,0,12.0,0.811388889
sweing,3,0.75,29.4,1172,5340,45,0,0,2,60.0,0.750176991
sweing,4,0.8,30.1,901,6480,50,0,0,1,59.0,0.800071839
sweing,5,0.8,30.1,450,7140,50,0,0,0,60.0,0.800137255
finishing,6,0.75,2.9,0,1800,0,0,0,0,15.0,0.726933333
sweing,6,0.75,18.79,913,3360,45,0,0,0,33.0,0.75065101
sweing,7,0.75,30.1,739,5640,45,0,0,1,59.0,0.750727326
finishing,8,0.7,4.6,0,960,0,0,0,0,8.0,0.791458333
sweing,8,0.7,29.4,1079,4560,40,0,0,2,58.0,0.700518519
finishing,9,0.7,2.9,0,1800,0,0,0,0,15.0,0.726933333
sweing,9,0.7,18.79,1068,3000,30,0,0,1,52.0,0.700256795
finishing,10,0.7,2.9,0,1800,0,0,0,0,15.0,0.902222222
sweing,10,0.7,21.25,1834,6360,0,0,0,1,53.0,0.471108491
finishing,11,0.7,2.9,0,960,0,0,0,0,8.0,0.5046875
sweing,11,0.75,11.61,698,3360,34,0,0,2,57.0,0.750437269
sweing,12,0.8,15.26,1062,4080,50,0,0,0,34.0,0.800401961
sweing,1,0.65,22.53,762,5040,0,0,0,1,42.0,0.581130952
finishing,2,0.7,3.9,0,960,0,0,0,0,8.0,0.440375
sweing,2,0.7,30.33,361,3960,30,0,0,1,58.0,0.700069811
finishing,3,0.8,4.6,0,2400,0,0,0,0,20.0,0.900833333
sweing,3,0.75,29.4,1283,6960,45,0,0,2,58.0,0.750206897
sweing,4,0.8,30.1,323,4080,50,0,0,1,59.0,0.800808642
finishing,5,0.8,4.6,0,1080,0,0,0,0,9.0,0.902962963
sweing,5,0.8,30.1,15,1200,49,0,0,1,59.0,0.598792339
finishing,6,0.75,2.9,0,960,0,0,0,0,8.0,0.410833333
sweing,6,0.75,18.79,1003,3960,45,0,0,1,33.0,0.75065101
finishing,7,0.75,4.6,0,960,0,0,0,0,8.0,0.676666667
sweing,7,0.8,30.1,786,7080,50,0,0,2,59.0,0.800115819
finishing,8,0.7,4.6,0,960,0,0,0,0,8.0,0.658541667
sweing,8,0.7,29.4,847,6960,30,0,0,1,58.0,0.700362069
finishing,9,0.7,2.9,0,960,0,0,0,0,8.0,0.410833333
sweing,9,0.75,18.79,1085,6240,56,0,0,1,52.0,0.970816667
finishing,10,0.7,2.9,0,1200,0,0,0,0,10.0,0.845833333
sweing,10,0.7,21.82,1653,6240,0,0,0,2,52.0,0.700058333
sweing,11,0.75,11.61,635,3360,45,0,0,0,57.0,0.750503571
finishing,12,0.8,4.6,0,1800,0,0,0,0,15.0,0.899555556
sweing,12,0.8,15.26,1053,4080,50,0,0,0,34.0,0.800401961
finishing,2,0.7,3.9,0,960,0,0,0,0,8.0,0.5565625
sweing,2,0.7,30.33,398,6960,0,0,0,1,58.0,0.66237931
finishing,3,0.8,4.6,0,6300,0,0,0,0,15.0,0.921703704
sweing,3,0.75,29.4,1244,6840,45,0,0,2,57.0,0.750473684
sweing,4,0.8,30.1,437,7080,32,0,0,2,59.0,0.495617514
finishing,5,0.8,4.6,0,7560,0,0,0,0,18.0,0.921604938
finishing,6,0.75,2.9,0,3360,0,0,0,0,8.0,0.271875
sweing,6,0.75,18.79,912,3960,45,0,0,0,33.0,0.75065101
sweing,7,0.8,30.1,694,4080,50,0,0,1,59.0,0.800808642
finishing,8,0.75,4.6,0,3360,0,0,0,0,8.0,0.376597222
sweing,8,0.75,29.4,916,6960,56,0,0,2,58.0,0.750206897
finishing,9,0.75,2.9,0,960,0,0,0,0,8.0,0.4078125
sweing,9,0.75,18.79,1020,5640,45,0,0,1,52.0,0.750371895
finishing,10,0.7,2.9,0,3360,0,0,0,0,8.0,0.410833333
sweing,10,0.7,21.82,1591,3240,0,0,0,1,52.0,0.700251773
sweing,11,0.8,11.61,816,2820,50,0,0,2,57.0,0.800516667
finishing,12,0.8,4.6,0,3780,0,0,0,0,9.0,0.590617284
sweing,12,0.8,15.26,1065,4080,63,0,0,0,34.0,0.800401961
finishing,2,0.7,3.9,0,960,0,0,0,0,8.0,0.5565625
sweing,2,0.7,30.33,512,4560,0,0,0,1,58.0,0.700211111
finishing,3,0.8,4.6,0,6300,0,0,0,0,15.0,0.921703704
sweing,3,0.75,29.4,1144,4440,45,0,0,2,57.0,0.750716981
finishing,5,0.8,4.6,0,7560,0,0,0,0,18.0,0.921604938
finishing,6,0.75,2.9,0,3360,0,0,0,0,8.0,0.271875
sweing,6,0.75,18.79,1012,3960,45,0,0,0,33.0,0.75065101
sweing,7,0.8,30.1,644,840,38,0,0,1,59.0,0.799982853
finishing,8,0.75,4.6,0,3360,0,0,0,0,8.0,0.376597222
sweing,8,0.75,29.4,792,4560,56,0,0,2,58.0,0.750425926
finishing,9,0.75,2.9,0,960,0,0,0,0,8.0,0.4078125
sweing,9,0.75,18.79,841,6240,45,0,0,1,52.0,0.750395513
finishing,10,0.7,2.9,0,3360,0,0,0,0,8.0,0.410833333
sweing,10,0.7,21.82,1448,6120,40,0,0,1,51.0,0.700236601
sweing,11,0.8,11.61,954,0,50,0,0,2,58.0,0.800779018
finishing,12,0.8,4.6,0,3780,0,0,0,0,9.0,0.590617284
sweing,12,0.8,15.26,1194,1700,62,0,0,0,34.0,0.800260821
finishing,1,0.6,3.94,0,3360,0,0,0,0,8.0,0.448722222
sweing,1,0.6,26.66,1578,6840,38,0,0,0,57.0,0.700019883
finishing,2,0.7,3.9,0,960,0,0,0,0,8.0,0.585
sweing,2,0.7,30.33,254,1800,0,0,0,0,58.0,0.683550607
finishing,3,0.8,4.6,0,10500,0,0,0,0,25.0,0.936355556
sweing,3,0.75,29.4,1143,6840,45,0,0,0,57.0,0.750473684
finishing,4,0.6,3.94,0,960,0,0,0,0,8.0,0.673083333
sweing,4,0.6,26.66,692,6840,23,0,0,0,57.0,0.600239766
sweing,5,0.6,27.48,549,6720,38,0,0,0,56.0,0.707446429
sweing,6,0.75,18.79,1193,3960,45,0,0,0,33.0,0.75065101
finishing,7,0.8,4.6,0,3360,0,0,0,0,8.0,0.350416667
sweing,7,0.8,30.1,934,6960,0,4,15,0,58.0,0.579511494
finishing,8,0.75,4.6,0,3360,0,0,0,0,8.0,0.813611111
sweing,8,0.75,29.4,622,6240,56,0,0,0,57.0,0.75075
finishing,9,0.75,2.9,0,960,0,0,0,0,8.0,0.447083333
sweing,9,0.75,18.79,895,6240,34,0,0,0,52.0,0.750395513
finishing,10,0.7,2.9,0,3360,0,0,0,0,8.0,0.664583333
sweing,10,0.7,21.82,1393,5640,30,0,0,0,52.0,0.700236601
sweing,11,0.8,11.61,347,0,50,4,20,0,57.0,0.682433036
sweing,12,0.8,15.26,1106,4080,63,0,0,0,34.0,0.800401961
finishing,1,0.65,3.94,0,3360,0,0,0,0,8.0,0.537919444
sweing,1,0.65,26.66,1527,6840,65,0,0,0,57.0,0.800579532
finishing,2,0.7,3.9,0,1200,0,0,0,0,10.0,0.92885
finishing,3,0.8,4.6,0,10080,0,0,0,0,24.0,0.86037037
sweing,3,0.8,29.4,1231,4680,50,0,0,0,57.0,0.800149813
finishing,4,0.65,3.94,0,960,0,0,0,0,8.0,0.806879167
sweing,4,0.65,26.66,832,6780,55,0,0,0,57.0,0.750254867
sweing,5,0.65,27.48,544,6720,34,0,0,0,56.0,0.700903571
sweing,6,0.75,18.79,947,2880,34,0,0,0,33.0,0.750797009
finishing,7,0.8,4.6,0,3360,0,0,0,0,8.0,0.342361111
sweing,7,0.8,30.1,616,7080,0,0,0,0,59.0,0.800115819
finishing,8,0.75,4.6,0,3360,0,0,0,0,8.0,0.773333333
sweing,8,0.75,29.4,551,6840,45,0,0,0,57.0,0.750473684
finishing,9,0.75,2.9,0,1200,0,0,0,0,10.0,0.8004
sweing,9,0.75,18.79,935,6240,45,0,0,0,52.0,0.750395513
finishing,10,0.7,2.9,0,3360,0,0,0,0,8.0,0.632361111
sweing,10,0.7,21.82,1511,3600,30,0,0,0,51.0,0.70013604
sweing,11,0.8,11.61,632,0,50,0,0,0,57.0,0.800309211
finishing,12,0.8,4.6,0,3780,0,0,0,0,9.0,0.607654321
sweing,12,0.8,15.26,1035,4080,63,0,0,0,34.0,0.800401961
finishing,1,0.7,3.94,0,3360,0,0,0,0,8.0,0.555430556
sweing,1,0.7,26.66,1562,6960,60,0,0,0,58.0,0.800566092
finishing,3,0.8,4.6,0,6300,0,0,0,0,15.0,0.902962963
sweing,3,0.8,29.4,1156,6840,50,0,0,0,57.0,0.800333333
finishing,4,0.7,3.94,0,3360,0,0,0,0,8.0,0.555430556
sweing,4,0.7,26.66,950,6960,50,0,0,0,58.0,0.750770115
finishing,5,0.7,4.6,0,3360,0,0,0,0,8.0,0.354444444
sweing,5,0.7,27.48,573,6840,30,0,0,0,57.0,0.700659649
finishing,6,0.75,2.9,0,3360,0,0,0,0,8.0,0.309333333
sweing,6,0.75,20.2,402,3120,45,0,0,0,33.0,0.750212553
finishing,7,0.8,4.6,0,4200,0,0,0,0,10.0,0.999533333
sweing,7,0.8,30.1,29,7080,50,0,0,0,59.0,0.800115819
finishing,8,0.75,4.6,0,3360,0,0,0,0,8.0,0.702777778
sweing,8,0.75,29.4,534,6840,56,0,0,0,57.0,0.750473684
sweing,9,0.75,18.79,1096,6240,34,0,0,0,52.0,0.750395513
finishing,10,0.7,2.9,0,3360,0,0,0,0,8.0,0.463194444
sweing,10,0.7,21.82,1313,5040,30,0,0,0,51.0,0.699984417
sweing,11,0.8,11.41,601,0,50,0,0,0,56.0,0.800701754
finishing,12,0.8,4.6,0,3780,0,0,0,0,9.0,0.636049383
sweing,12,0.8,15.26,983,4080,50,0,0,0,34.0,0.800401961
finishing,1,0.7,3.94,0,960,0,0,0,0,8.0,0.806879167
sweing,1,0.7,26.82,1772,6960,50,0,0,0,58.0,0.750651724
finishing,3,0.8,4.6,0,1200,0,0,0,0,10.0,0.939166667
sweing,3,0.8,29.4,1169,6840,63,0,0,0,57.0,0.800333333
finishing,4,0.7,3.94,0,960,0,0,0,0,8.0,0.806058333
sweing,4,0.7,26.82,1028,6960,60,0,0,0,58.0,0.799975862
finishing,5,0.7,4.6,0,960,0,0,0,0,8.0,0.592083333
sweing,5,0.7,27.48,586,6960,40,0,0,0,58.0,0.700424138
sweing,6,0.75,18.79,52,3960,0,0,0,0,33.0,0.332146465
finishing,7,0.8,4.6,0,8400,0,0,0,0,20.0,0.684888889
sweing,7,0.8,30.1,874,3960,50,0,0,0,59.0,0.800055762
finishing,8,0.8,4.6,0,960,0,0,0,0,8.0,0.930416667
sweing,8,0.8,29.4,30,6840,0,0,0,0,57.0,0.433263158
finishing,9,0.75,2.9,0,960,0,0,0,0,8.0,0.83375
sweing,9,0.75,18.79,1206,6240,34,0,0,0,52.0,0.750395513
sweing,10,0.7,21.82,1334,5760,30,0,0,0,53.0,0.700058333
sweing,11,0.8,11.41,433,0,38,0,0,0,56.0,0.800701754
finishing,12,0.8,4.6,0,1080,0,0,0,0,9.0,0.885925926
sweing,12,0.8,15.26,961,4080,50,0,0,0,34.0,0.800401961
finishing,1,0.7,3.94,0,960,0,0,0,0,8.0,0.812625
sweing,1,0.7,26.82,1373,6960,50,0,0,0,58.0,0.750651724
finishing,2,0.6,3.9,0,960,0,0,0,0,8.0,0.950625
sweing,2,0.6,15.28,529,1320,0,0,0,1,46.0,0.600099145
finishing,3,0.8,4.6,0,1800,0,0,0,0,15.0,0.810111111
sweing,3,0.8,29.4,797,1800,63,0,0,0,57.0,0.800534979
finishing,4,0.7,3.94,0,960,0,0,0,0,8.0,0.812625
sweing,4,0.7,26.82,1117,7080,50,0,0,0,59.0,0.750050847
sweing,5,0.7,27.48,230,6960,40,0,0,0,58.0,0.700424138
sweing,7,0.8,30.1,834,1200,0,4,40,0,59.0,0.366053523
finishing,8,0.8,4.6,0,2640,0,0,0,0,22.0,0.980984848
finishing,9,0.75,2.9,0,960,0,0,0,0,8.0,0.453125
sweing,9,0.75,18.79,1228,6240,45,0,0,0,52.0,0.750395513
sweing,10,0.7,21.82,1390,6000,30,0,0,0,50.0,0.700422
finishing,11,0.8,2.9,0,1200,0,0,0,0,10.0,0.927291667
sweing,11,0.8,11.41,455,3420,50,0,0,0,56.0,0.800701754
finishing,12,0.8,4.6,0,1080,0,0,0,0,9.0,0.868888889
sweing,12,0.8,15.26,959,4080,50,0,0,0,34.0,0.800401961
finishing,1,0.7,3.94,0,960,0,0,0,0,8.0,0.664875
sweing,1,0.7,26.82,1267,8160,70,0,0,0,58.0,0.850045
finishing,2,0.65,3.9,0,1920,0,0,0,0,8.0,0.528125
sweing,2,0.65,16.1,626,4200,0,0,0,1,45.0,0.65024031
sweing,3,0.8,29.4,983,6840,63,0,0,1,57.0,0.800578947
finishing,4,0.7,3.94,0,960,0,0,0,0,8.0,0.664875
sweing,4,0.7,26.82,1195,6960,60,0,0,0,58.0,0.800746552
sweing,5,0.7,27.48,541,6960,24,0,0,1,58.0,0.408960345
finishing,7,0.8,4.6,0,6000,0,0,0,0,25.0,0.825444444
finishing,8,0.8,4.6,0,3600,0,0,0,0,15.0,0.590740741
sweing,9,0.75,18.79,1226,3480,45,0,0,0,51.0,0.749987124
sweing,10,0.7,21.82,1251,6000,30,0,0,0,50.0,0.700422
finishing,11,0.8,2.9,0,960,0,0,0,0,8.0,0.657083333
sweing,11,0.8,11.41,471,3420,50,0,0,0,58.0,0.800034503
finishing,12,0.8,4.6,0,1080,0,0,0,0,9.0,0.868888889
sweing,12,0.8,15.26,986,4080,75,0,0,0,34.0,0.850520588
finishing,1,0.75,3.94,0,960,0,0,0,0,8.0,0.890604167
sweing,1,0.75,26.82,1254,6960,65,0,0,0,58.0,0.85007069
finishing,2,0.7,3.9,0,1200,0,0,0,0,10.0,0.884
sweing,2,0.7,16.1,928,4800,30,0,0,1,45.0,0.700106061
finishing,3,0.8,4.6,0,1440,0,0,0,0,12.0,0.951944444
sweing,3,0.8,30.1,1278,3360,50,0,0,1,57.0,0.800511068
finishing,4,0.75,3.94,0,960,0,0,0,0,8.0,0.890604167
sweing,4,0.75,26.82,1082,6840,65,0,0,0,57.0,0.850084211
finishing,6,0.6,2.9,0,960,0,0,0,0,8.0,0.271875
sweing,6,0.6,23.41,1266,2520,23,0,0,1,38.0,0.601037091
finishing,8,0.6,3.9,0,960,0,0,0,0,8.0,0.4509375
sweing,8,0.6,30.48,869,6720,0,0,0,1,56.0,0.600528571
finishing,9,0.75,2.9,0,1080,0,0,0,0,9.0,0.929074074
sweing,9,0.75,18.79,1239,5640,45,0,0,0,52.0,0.750371895
finishing,10,0.7,2.9,0,960,0,0,0,0,8.0,0.441041667
sweing,10,0.7,21.82,1335,6000,30,0,0,0,50.0,0.700422
finishing,11,0.8,2.9,0,960,0,0,0,0,8.0,0.755208333
sweing,11,0.8,11.41,313,3420,50,0,0,0,58.0,0.800034503
finishing,12,0.8,4.6,0,1080,0,0,0,0,9.0,0.945555556
sweing,12,0.8,15.26,1064,4080,63,0,0,0,34.0,0.800401961
sweing,1,0.75,26.82,1322,7140,65,0,0,0,59.0,0.850426891
sweing,2,0.7,16.1,817,5520,30,0,0,1,45.0,0.700516224
sweing,3,0.8,30.1,964,5160,50,0,0,1,58.0,0.800842424
sweing,4,0.75,26.82,1079,7020,65,0,0,0,58.0,0.850446154
sweing,5,0.6,26.82,919,7080,23,0,0,1,59.0,0.600040678
sweing,6,0.65,23.41,1262,4560,35,0,0,1,38.0,0.650962281
sweing,8,0.65,30.48,953,6720,26,0,0,1,56.0,0.650421429
sweing,9,0.75,18.79,1193,6240,45,0,0,0,52.0,0.750395513
sweing,10,0.7,21.82,1576,6000,30,0,0,0,50.0,0.700422
sweing,11,0.8,11.41,357,3420,50,0,0,0,58.0,0.800034503
sweing,12,0.8,15.26,1132,4080,63,0,0,0,34.0,0.800401961
finishing,1,0.75,3.94,0,960,0,0,0,0,8.0,0.880754167
sweing,1,0.75,26.82,1574,7080,75,0,0,0,59.0,0.900061017
finishing,2,0.7,3.9,0,960,0,0,0,0,8.0,0.741
sweing,2,0.7,16.1,957,5400,40,0,0,1,45.0,0.700051852
finishing,3,0.8,4.6,0,1440,0,0,0,0,12.0,0.894444444
sweing,3,0.8,30.1,756,6960,63,0,0,1,58.0,0.800071839
finishing,4,0.75,3.94,0,960,0,0,0,0,8.0,0.881575
sweing,4,0.75,26.82,1104,5880,65,0,0,0,59.0,0.850084211
finishing,5,0.6,3.94,0,1440,0,0,0,0,12.0,0.909391667
sweing,5,0.65,26.82,1001,7080,26,0,0,1,59.0,0.650044068
sweing,6,0.7,23.41,1180,4560,30,0,0,1,38.0,0.700246491
sweing,7,0.6,30.48,1017,6840,25,0,0,1,57.0,0.630402924
finishing,8,0.65,3.9,0,960,0,0,0,0,8.0,0.560625
sweing,8,0.7,30.48,923,6840,30,0,0,1,57.0,0.700505263
finishing,9,0.75,2.9,0,1800,0,0,0,0,15.0,0.821666667
sweing,9,0.75,18.79,1247,6240,45,0,0,0,52.0,0.750395513
finishing,10,0.7,2.9,0,960,0,0,0,0,8.0,0.39875
sweing,10,0.75,21.82,1499,6000,34,0,0,0,50.0,0.750608
finishing,11,0.8,2.9,0,960,0,0,0,0,8.0,0.758229167
sweing,11,0.8,11.41,338,3420,50,0,0,0,58.0,0.800034503
finishing,12,0.8,4.6,0,1080,0,0,0,0,9.0,0.92
sweing,12,0.8,15.26,1069,4080,63,0,0,0,34.0,0.800401961
finishing,1,0.75,3.94,0,1920,0,0,0,0,8.0,0.812625
sweing,1,0.75,26.82,1322,7080,45,0,0,0,59.0,0.750050847
finishing,2,0.75,3.9,0,1920,0,0,0,0,8.0,0.819270833
sweing,2,0.75,16.1,971,5400,45,0,0,1,45.0,0.750140741
finishing,3,0.8,4.6,0,1920,0,0,0,0,8.0,0.786631944
sweing,3,0.8,30.1,735,6960,63,0,0,1,58.0,0.800071839
finishing,4,0.75,3.94,0,1920,0,0,0,0,8.0,0.813309028
sweing,4,0.75,26.82,1054,7080,45,0,0,0,59.0,0.750050847
finishing,5,0.7,3.94,0,1440,0,0,0,0,12.0,0.75885
sweing,5,0.7,26.82,992,6960,30,0,0,1,58.0,0.700556897
finishing,6,0.7,2.9,0,720,0,0,0,0,6.0,0.394722222
sweing,6,0.7,23.41,1128,4560,40,0,0,1,38.0,0.700246491
finishing,7,0.65,3.9,0,960,0,0,0,0,8.0,0.625625
sweing,7,0.65,30.48,935,6840,26,0,0,1,57.0,0.650596491
finishing,8,0.7,3.9,0,960,0,0,0,0,8.0,0.625625
sweing,8,0.7,30.48,914,6840,30,0,0,1,57.0,0.700505263
finishing,9,0.75,2.9,0,1800,0,0,0,0,15.0,0.505888889
sweing,9,0.75,18.79,290,5040,45,0,0,0,52.0,0.750347333
finishing,10,0.75,2.9,0,960,0,0,0,0,8.0,0.628333333
sweing,10,0.75,21.82,1674,6000,34,0,0,0,50.0,0.750608
finishing,11,0.8,2.9,0,2400,0,0,0,0,10.0,0.874027778
sweing,11,0.8,11.41,560,3420,50,0,0,0,58.0,0.800034503
finishing,12,0.8,4.6,0,2160,0,0,0,0,9.0,0.922839506
sweing,12,0.8,15.26,470,4080,63,0,0,0,34.0,0.800401961
