"DATES","DEPARTMENT","TEAM","SMV","WIP","OVER_TIME","INCENTIVE","IDLE_TIME","IDLE_MEN","NO_OF_STYLE_CHANGE","NO_OF_WORKERS","RATIO"
"01/01/2015","sweing",8,26.16,1108,7080,98,0,0,0,59,1.1759
"01/01/2015","finishing",1,3.94,0,960,0,0,0,0,8,1.182
"01/01/2015","sweing",11,11.41,968,3660,50,0,0,0,30.5,1.0007
"01/01/2015","sweing",12,11.41,968,3660,50,0,0,0,30.5,1.0007
"01/01/2015","sweing",6,25.9,1170,1920,50,0,0,0,56,1.0005
"01/01/2015","sweing",7,25.9,984,6720,38,0,0,0,56,1.0002
"01/01/2015","finishing",2,3.94,0,960,0,0,0,0,8,1.0069
"01/01/2015","sweing",3,28.08,795,6900,45,0,0,0,57.5,1.0049
"01/01/2015","sweing",2,19.87,733,6000,34,0,0,0,55,1.0041
"01/01/2015","sweing",1,28.08,681,6900,45,0,0,0,57.5,1.0006
"01/01/2015","sweing",9,28.08,872,6900,44,0,0,0,57.5,1.0302
"01/01/2015","sweing",10,19.31,578,6480,45,0,0,0,54,0.9496
"01/01/2015","sweing",5,11.41,668,3660,50,0,0,0,30.5,0.8838
"01/01/2015","finishing",10,3.94,0,960,0,0,0,0,8,1.086
"01/01/2015","finishing",8,2.9,0,960,0,0,0,0,8,0.9022
"01/01/2015","finishing",4,3.94,0,2160,0,0,0,0,18,0.7907
"01/01/2015","finishing",7,2.9,0,960,0,0,0,0,8,0.6759
"01/01/2015","sweing",4,23.69,861,7200,0,0,0,0,60,0.8018
"01/01/2015","finishing",11,4.15,0,1440,0,0,0,0,12,0.6233
"03/01/2015","finishing",4,4.15,0,6600,0,0,0,0,20,1.235
"03/01/2015","finishing",11,2.9,0,5640,0,0,0,0,17,1.3172
"03/01/2015","finishing",9,4.15,0,960,0,0,0,0,8,1.1953
"03/01/2015","finishing",3,3.94,0,1560,0,0,0,0,8,1.2604
"03/01/2015","finishing",1,3.94,0,960,0,0,0,0,8,1.1286
"03/01/2015","sweing",1,28.08,772,6300,50,0,0,0,56.5,1.0009
"03/01/2015","sweing",3,28.08,913,6540,50,0,0,0,54.5,1.0004
"03/01/2015","sweing",8,26.16,1261,7080,50,0,0,0,59,1.0004
"03/01/2015","sweing",12,26.16,844,7080,63,0,0,0,59,1.0004
"03/01/2015","sweing",11,11.61,1005,7080,50,0,0,0,29.5,1.0003
"03/01/2015","sweing",5,11.61,659,7080,50,0,0,0,31.5,1.0002
"03/01/2015","sweing",6,25.9,1152,6720,50,0,0,0,56,1.0002
"03/01/2015","sweing",7,25.9,1138,6720,38,0,0,0,56,1.0002
"03/01/2015","sweing",10,19.31,610,6480,56,0,0,0,54,1.0497
"03/01/2015","finishing",2,4.15,0,960,0,0,0,0,8,0.9781
"03/01/2015","sweing",2,19.87,944,6600,45,0,0,0,55,1.0003
"03/01/2015","finishing",10,4.15,0,960,0,0,0,0,8,1.0026
"03/01/2015","sweing",4,23.69,544,13800,0,0,0,0,60,1.0002
"03/01/2015","sweing",9,28.08,1072,6900,40,0,0,0,57.5,1
"03/01/2015","finishing",8,2.9,0,960,0,0,0,0,8,0.7854
"03/01/2015","finishing",7,3.94,0,960,0,0,0,0,8,0.7816
"04/01/2015","finishing",3,4.15,0,1560,0,0,0,0,8,1.3219
"04/01/2015","finishing",9,3.94,0,960,0,0,0,0,8,1.1646
"04/01/2015","finishing",1,3.94,0,960,0,0,0,0,8,1.144
"04/01/2015","sweing",6,11.61,539,6975,50,0,0,0,31,1.0996
"04/01/2015","finishing",4,3.94,0,6600,0,0,0,0,20,1.0771
"04/01/2015","sweing",9,26.16,1278,7080,60,0,0,0,59,1.0632
"04/01/2015","sweing",7,25.9,1227,7020,60,0,0,0,56.5,1.063
"04/01/2015","sweing",8,25.9,1039,6780,45,0,0,0,56.5,1.0629
"04/01/2015","sweing",4,28.08,878,4260,50,0,0,0,55.5,1.0007
"04/01/2015","sweing",1,26.16,1033,7080,63,0,0,0,59,1.0004
"04/01/2015","sweing",2,28.08,782,6660,50,0,0,0,55.5,1.0003
"04/01/2015","sweing",12,11.61,1216,6975,50,0,0,0,31,1
"04/01/2015","finishing",2,3.94,0,960,0,0,0,0,8,0.9901
"04/01/2015","finishing",10,3.94,0,4320,0,0,0,0,18,1.0846
"04/01/2015","sweing",11,19.31,513,6480,45,0,0,0,54,1.0005
"04/01/2015","sweing",3,19.87,734,6600,45,0,0,0,55,1.0003
"04/01/2015","sweing",10,28.08,1202,6900,40,0,0,0,57.5,1
"04/01/2015","finishing",8,2.9,0,960,0,0,0,0,8,0.8534
"04/01/2015","finishing",7,2.9,0,960,0,0,0,0,8,0.8345
"04/01/2015","sweing",5,45.67,884,6960,26,0,0,0,58,0.862
"04/01/2015","finishing",11,4.15,0,960,0,0,0,0,8,0.4611
"05/01/2015","finishing",1,3.94,0,1920,0,0,0,0,8,1.2013
"05/01/2015","finishing",11,3.94,0,2400,0,0,0,0,10,1.1744
"05/01/2015","finishing",4,3.94,0,3840,0,0,0,0,16,1.1171
"05/01/2015","finishing",3,4.15,0,1920,0,0,0,0,8,1.1672
"05/01/2015","sweing",9,26.16,1227,7080,75,0,0,0,59,1.0632
"05/01/2015","finishing",9,2.9,0,1920,0,0,0,0,8,1.026
"05/01/2015","finishing",2,3.94,0,960,0,0,0,0,8,1.0055
"05/01/2015","sweing",7,25.9,1255,6780,50,0,0,0,56.5,1.0009
"05/01/2015","sweing",8,25.9,1047,6780,38,0,0,0,56.5,1.0009
"05/01/2015","sweing",1,26.16,1138,7080,63,0,0,0,59,1.0004
"05/01/2015","sweing",11,19.31,678,4800,50,0,0,0,55,1.0003
"05/01/2015","sweing",6,11.61,712,7200,50,0,0,0,32,1.0003
"05/01/2015","sweing",12,11.61,1037,7200,50,0,0,0,32,1.0003
"05/01/2015","sweing",2,28.08,757,6900,50,0,0,0,57.5,1.0001
"05/01/2015","sweing",4,28.08,759,6900,50,0,0,0,57.5,1.0001
"05/01/2015","finishing",10,2.9,0,960,0,0,0,0,8,1.0178
"05/01/2015","finishing",5,2.9,0,960,0,0,0,0,8,1.2655
"05/01/2015","sweing",10,28.08,1083,7020,45,0,0,0,58.5,1.0005
"05/01/2015","sweing",3,19.87,944,6600,45,0,0,0,55,1.0003
"05/01/2015","finishing",7,3.94,0,960,0,0,0,0,8,0.8458
"05/01/2015","finishing",8,2.9,0,960,0,0,0,0,8,0.8307
"05/01/2015","sweing",5,21.98,666,6960,23,0,0,0,58,1
"06/01/2015","finishing",4,3.94,0,4440,0,0,0,0,18,1.2085
"06/01/2015","finishing",1,3.94,0,1440,0,0,0,0,8,1.1706
"06/01/2015","finishing",3,4.15,0,1800,0,0,0,0,10,1.1989
"06/01/2015","finishing",11,4.15,0,2700,0,0,0,0,15,1.1109
"06/01/2015","finishing",9,3.94,0,1440,0,0,0,0,8,1.0727
"06/01/2015","sweing",1,26.16,1187,10620,75,0,0,0,59,1.0631
"06/01/2015","sweing",9,26.16,1305,10620,75,0,0,0,59,1.0631
"06/01/2015","finishing",10,3.94,0,1440,0,0,0,0,8,1.0795
"06/01/2015","finishing",2,3.94,0,1440,0,0,0,0,8,1.0074
"06/01/2015","sweing",2,28.08,716,10350,50,0,0,0,57.5,1.0007
"06/01/2015","sweing",4,28.08,925,10350,50,0,0,0,57.5,1.0007
"06/01/2015","sweing",3,19.87,963,9900,50,0,0,0,55,1.0003
"06/01/2015","sweing",12,11.61,1101,5310,50,0,0,0,31.5,1.0002
"06/01/2015","sweing",7,25.9,1035,10170,38,0,0,0,56.5,1.0002
"06/01/2015","sweing",8,25.9,1083,10170,38,0,0,0,56.5,1.0002
"06/01/2015","sweing",6,11.61,910,4470,38,0,0,0,31.5,1.0001
"06/01/2015","sweing",10,28.08,1209,10530,45,0,0,0,58.5,1.0007
"06/01/2015","sweing",11,19.31,590,9900,45,0,0,0,55,1.0001
"06/01/2015","finishing",8,2.9,0,1440,0,0,0,0,8,0.8513
"06/01/2015","sweing",5,21.98,808,10440,35,0,0,0,58,1
"06/01/2015","finishing",7,2.9,0,1440,0,0,0,0,8,0.7703
"07/01/2015","finishing",1,3.94,0,1440,0,0,0,0,8,1.1893
"07/01/2015","finishing",9,3.94,0,1440,0,0,0,0,8,1.1007
"07/01/2015","sweing",1,26.16,1179,10620,75,0,0,0,59,1.0631
"07/01/2015","sweing",9,26.16,1324,10620,75,0,0,0,59,1.0631
"07/01/2015","sweing",8,25.9,1135,10170,60,0,0,0,56.5,1.0627
"07/01/2015","finishing",3,4.15,0,2700,0,0,0,0,15,1.1067
"07/01/2015","finishing",4,3.94,0,4440,0,0,0,0,18,1.034
"07/01/2015","finishing",2,3.94,0,1440,0,0,0,0,8,1.0167
"07/01/2015","finishing",10,3.94,0,1440,0,0,0,0,8,1.0745
"07/01/2015","finishing",7,2.9,0,1440,0,0,0,0,8,1.0058
"07/01/2015","sweing",2,28.08,776,10350,63,0,0,0,57.5,1.0007
"07/01/2015","sweing",4,28.08,990,10350,50,0,0,0,57.5,1.0007
"07/01/2015","sweing",6,11.41,986,5490,50,0,0,0,30.5,1.0004
"07/01/2015","sweing",3,19.87,924,9900,50,0,0,0,55,1.0003
"07/01/2015","sweing",12,11.61,1120,5670,50,0,0,0,31.5,1.0003
"07/01/2015","sweing",7,25.9,1066,10170,50,0,0,0,56.5,1.0002
"07/01/2015","sweing",10,28.08,1144,10530,69,0,0,0,58.5,1.0667
"07/01/2015","sweing",5,21.98,413,9720,40,0,0,0,58,1.0007
"07/01/2015","finishing",8,2.9,0,1440,0,0,0,0,8,0.8513
"07/01/2015","finishing",6,2.9,0,1800,0,0,0,0,10,0.8331
"07/01/2015","sweing",11,31.83,568,9900,40,0,0,0,55,0.5151
"07/01/2015","finishing",5,4.15,0,1440,0,0,0,0,8,0.4716
"08/01/2015","finishing",1,3.94,0,1440,0,0,0,0,8,1.1846
"08/01/2015","finishing",4,3.94,0,12600,0,0,0,0,20,1.1499
"08/01/2015","sweing",9,26.16,1216,10620,88,0,0,0,59,1.1253
"08/01/2015","finishing",9,3.94,0,1440,0,0,0,0,8,1.1147
"08/01/2015","sweing",1,26.16,1189,10620,75,0,0,0,59,1.0631
"08/01/2015","sweing",4,28.08,942,10530,75,0,0,0,58.5,1.0627
"08/01/2015","sweing",7,25.9,1050,10170,60,0,0,0,56.5,1.0627
"08/01/2015","sweing",8,25.9,1026,10170,60,0,0,0,56.5,1.0627
"08/01/2015","finishing",2,3.94,0,1440,0,0,0,0,8,1.0447
"08/01/2015","finishing",5,4.15,0,3840,0,0,0,0,8,1.1734
"08/01/2015","sweing",2,28.08,783,10050,63,0,0,0,58.5,1.0006
"08/01/2015","sweing",3,19.87,857,9900,50,0,0,0,55,1.0003
"08/01/2015","sweing",12,11.61,548,15120,63,0,0,0,31.5,1.0001
"08/01/2015","sweing",6,11.41,411,14640,50,0,0,0,30.5,1
"08/01/2015","sweing",10,28.08,1066,10530,69,0,0,0,58.5,1.0667
"08/01/2015","finishing",10,3.94,0,1440,0,0,0,0,8,1.0397
"08/01/2015","finishing",8,2.9,0,1440,0,0,0,0,8,0.92
"08/01/2015","finishing",3,4.15,0,2160,0,0,0,0,12,0.9502
"08/01/2015","finishing",7,2.9,0,1440,0,0,0,0,8,0.8513
"08/01/2015","finishing",11,4.15,0,900,0,0,0,0,5,0.6445
"08/01/2015","sweing",11,12.52,287,25920,38,0,0,0,54,0.9999
"08/01/2015","sweing",5,42.41,724,10260,0,0,0,0,57,0.3339
"10/01/2015","finishing",1,3.94,0,2160,0,0,0,0,8,1.2313
"10/01/2015","finishing",3,4.15,0,2760,0,0,0,0,12,1.2405
"10/01/2015","finishing",4,3.94,0,6000,0,0,0,0,20,1.1395
"10/01/2015","finishing",9,3.94,0,1440,0,0,0,0,8,1.0727
"10/01/2015","sweing",9,26.16,1122,10620,75,0,0,0,59,1.064
"10/01/2015","sweing",7,25.9,970,10170,60,0,0,0,56.5,1.0627
"10/01/2015","sweing",8,25.9,1158,10170,60,0,0,0,56.5,1.0627
"10/01/2015","finishing",10,3.94,0,1440,0,0,0,0,8,1.0587
"10/01/2015","finishing",11,4.15,0,1440,0,0,0,0,8,1.0218
"10/01/2015","finishing",2,3.94,0,1440,0,0,0,0,8,1.0214
"10/01/2015","sweing",4,28.08,660,10440,63,0,0,0,58,1.0013
"10/01/2015","sweing",2,28.08,749,10350,63,0,0,0,57.5,1.0007
"10/01/2015","sweing",12,11.61,893,4710,50,0,0,0,31.5,1.0004
"10/01/2015","sweing",6,11.41,887,5490,50,0,0,0,30.5,1.0004
"10/01/2015","sweing",1,26.16,1335,10620,63,0,0,0,59,1.0001
"10/01/2015","sweing",10,28.08,1082,10530,63,0,0,0,58.5,1
"10/01/2015","sweing",3,19.87,1075,7080,45,0,0,0,56,1.0001
"10/01/2015","sweing",11,12.52,749,9540,38,0,0,0,53,1.3465
"10/01/2015","finishing",7,2.9,0,1440,0,0,0,0,8,0.8376
"10/01/2015","finishing",8,2.9,0,1440,0,0,0,0,8,0.7861
"10/01/2015","sweing",5,20.79,966,7680,0,0,0,0,56,0.776
"10/01/2015","finishing",5,4.15,0,1440,0,0,0,0,8,0.6759
"11/01/2015","finishing",3,4.15,0,1440,0,0,0,0,8,1.2471
"11/01/2015","finishing",4,3.94,0,3600,0,0,0,0,20,1.1571
"11/01/2015","sweing",9,26.16,1095,10620,88,0,0,0,59,1.1253
"11/01/2015","finishing",1,3.94,0,1440,0,0,0,0,8,1.0913
"11/01/2015","finishing",9,3.94,0,1440,0,0,0,0,8,1.0727
"11/01/2015","sweing",1,26.16,1383,10620,75,0,0,0,59,1.0631
"11/01/2015","sweing",7,25.9,1012,10170,45,0,0,0,56.5,1.0627
"11/01/2015","sweing",8,25.9,1209,10170,60,0,0,0,56.5,1.0627
"11/01/2015","finishing",10,3.94,0,1440,0,0,0,0,8,1.0354
"11/01/2015","finishing",2,3.94,0,1440,0,0,0,0,8,1.026
"11/01/2015","sweing",6,11.41,887,5490,50,0,0,0,30.5,1.0004
"11/01/2015","sweing",12,11.61,896,5670,50,0,0,0,31.5,1.0003
"11/01/2015","sweing",2,28.08,805,10530,63,0,0,0,58.5,1
"11/01/2015","sweing",10,28.08,762,10530,38,0,0,0,58.5,1
"11/01/2015","sweing",3,19.87,1043,6420,0,0,0,0,55,0.8627
"11/01/2015","finishing",11,4.15,0,1440,0,0,0,0,8,0.8351
"11/01/2015","finishing",8,2.9,0,1440,0,0,0,0,8,0.817
"11/01/2015","finishing",5,4.15,0,1440,0,0,0,0,8,1.2183
"11/01/2015","sweing",11,12.52,831,9540,30,0,0,0,53,1.0004
"11/01/2015","finishing",6,2.9,0,1440,0,0,0,0,8,0.7467
"11/01/2015","finishing",7,2.9,0,1440,0,0,0,0,8,0.738
"11/01/2015","sweing",4,50.48,562,10440,0,0,0,0,58,0.5914
"11/01/2015","sweing",5,20.79,1208,7980,0,0,0,0,57,0.755
"12/01/2015","finishing",1,3.94,0,1440,0,0,0,0,8,1.1939
"12/01/2015","finishing",4,4.3,0,3240,0,0,0,0,18,2.692
"12/01/2015","finishing",3,4.15,0,1800,0,0,0,0,10,1.1318
"12/01/2015","finishing",2,3.94,0,1440,0,0,0,0,8,1.1007
"12/01/2015","finishing",9,3.94,0,1440,0,0,0,0,8,1.0727
"12/01/2015","sweing",1,26.16,1099,8220,75,0,0,0,59,1.0632
"12/01/2015","sweing",9,26.16,1093,10620,75,0,0,0,59,1.0631
"12/01/2015","sweing",7,25.9,1031,10170,60,0,0,0,56.5,1.0627
"12/01/2015","sweing",8,25.9,1233,10170,60,0,0,0,56.5,1.0627
"12/01/2015","finishing",6,2.9,0,1440,0,0,0,0,8,1.0218
"12/01/2015","finishing",5,4.15,0,1440,0,0,0,0,8,1.2455
"12/01/2015","sweing",3,19.87,941,9900,0,0,0,0,55,1.0003
"12/01/2015","sweing",6,11.41,843,5670,50,0,0,0,31.5,1.0002
"12/01/2015","sweing",12,11.61,760,4470,50,0,0,0,31.5,1.0001
"12/01/2015","sweing",2,28.08,737,10530,63,0,0,0,58.5,1
"12/01/2015","finishing",8,2.9,0,1440,0,0,0,0,8,0.9063
"12/01/2015","sweing",10,50.48,381,6930,45,0,0,0,58.5,0.8607
"12/01/2015","sweing",5,20.79,1141,8460,0,0,0,0,59,1.0001
"12/01/2015","sweing",11,12.52,1004,9540,44,0,0,0,53,1
"12/01/2015","finishing",7,2.9,0,1440,0,0,0,0,8,0.8101
"12/01/2015","finishing",11,4.15,0,1440,0,0,0,0,8,0.8007
"12/01/2015","sweing",4,22.4,581,7350,0,0,0,0,51.5,1.0018
"12/01/2015","finishing",10,3.94,0,1440,0,0,0,0,8,0.3078
"13/01/2015","finishing",4,4.3,0,2160,0,0,0,0,12,2.7201
"13/01/2015","finishing",1,3.94,0,1440,0,0,0,0,2,1.1893
"13/01/2015","finishing",10,3.94,0,5400,0,0,0,0,20,1.141
"13/01/2015","finishing",3,4.15,0,1620,0,0,0,0,9,1.1266
"13/01/2015","finishing",9,3.94,0,1440,0,0,0,0,8,1.0727
"13/01/2015","sweing",1,26.16,1073,10620,75,0,0,0,59,1.0631
"13/01/2015","sweing",9,26.16,1156,10620,75,0,0,0,59,1.0631
"13/01/2015","sweing",8,25.9,1211,10260,60,0,0,0,57,1.0628
"13/01/2015","sweing",7,25.9,1126,10170,60,0,0,0,56.5,1.0627
"13/01/2015","finishing",5,4.15,0,1440,0,0,0,0,8,1.2636
"13/01/2015","finishing",2,3.94,0,1440,0,0,0,0,8,1.0074
"13/01/2015","sweing",6,11.61,1004,5670,50,0,0,0,31.5,1.0003
"13/01/2015","sweing",12,11.61,1063,5670,50,0,0,0,31.5,1.0003
"13/01/2015","sweing",2,28.08,723,10530,50,0,0,0,58.5,1
"13/01/2015","sweing",3,42.27,465,9900,54,0,0,0,55,0.882
"13/01/2015","finishing",8,2.9,0,1440,0,0,0,0,8,0.8513
"13/01/2015","finishing",7,2.9,0,1440,0,0,0,0,8,0.8376
"13/01/2015","finishing",11,4.15,0,1440,0,0,0,0,8,0.7516
"13/01/2015","sweing",11,27.13,530,9540,37,0,0,0,53,0.8319
"13/01/2015","sweing",5,20.79,1297,10440,0,0,0,0,58,0.7526
"13/01/2015","sweing",4,22.4,783,10170,23,0,0,0,56.5,1.0008
"13/01/2015","sweing",10,22.4,715,10170,23,0,0,0,56.5,1.0006
"14/01/2015","finishing",11,4.15,0,1980,0,0,0,0,7,1.1683
"14/01/2015","finishing",4,4.3,0,2700,0,0,0,0,8,2.5945
"14/01/2015","sweing",7,25.9,1150,10170,70,0,0,0,56.5,1.1252
"14/01/2015","finishing",1,3.94,0,1440,0,0,0,0,8,1.1147
"14/01/2015","finishing",5,4.15,0,1440,0,0,0,0,15,1.3301
"14/01/2015","finishing",9,3.94,0,1440,0,0,0,0,8,1.0727
"14/01/2015","sweing",9,26.16,1232,10620,75,0,0,0,59,1.0631
"14/01/2015","sweing",8,25.9,1218,10170,60,0,0,0,56.5,1.0627
"14/01/2015","finishing",7,2.9,0,1440,0,0,0,0,8,1.047
"14/01/2015","finishing",3,4.15,0,1440,0,0,0,0,7,1.026
"14/01/2015","sweing",12,11.61,1159,2970,50,0,0,0,31.5,1.0004
"14/01/2015","sweing",6,11.61,972,5670,38,0,0,0,31.5,1.0003
"14/01/2015","sweing",1,26.16,1092,10620,63,0,0,0,59,1.0001
"14/01/2015","sweing",5,20.79,965,7320,0,0,0,0,58,1.0001
"14/01/2015","finishing",8,2.9,0,1440,0,0,0,0,8,0.8342
"14/01/2015","sweing",4,22.4,816,5100,23,0,0,0,57,1.0006
"14/01/2015","sweing",10,22.4,947,3390,23,0,0,0,56.5,1
"14/01/2015","sweing",11,14.61,838,7200,23,0,0,0,55,1.0001
"14/01/2015","finishing",10,3.94,0,1260,0,0,0,0,8,0.4154
"14/01/2015","sweing",2,51.02,1086,4260,27,0,0,0,57,0.389
"14/01/2015","finishing",2,3.94,0,1260,0,0,0,0,8,0.3091
"15/01/2015","finishing",4,4.3,0,3600,0,0,0,0,20,2.8247
"15/01/2015","finishing",10,3.94,0,3420,0,0,0,0,19,1.1914
"15/01/2015","finishing",1,3.94,0,1440,0,0,0,0,8,1.1053
"15/01/2015","finishing",5,4.15,0,1440,0,0,0,0,8,1.3241
"15/01/2015","finishing",9,3.94,0,1440,0,0,0,0,8,1.0727
"15/01/2015","sweing",1,26.16,1160,10620,75,0,0,0,59,1.0631
"15/01/2015","sweing",8,25.9,1177,8970,60,0,0,0,56.5,1.063
"15/01/2015","sweing",7,25.9,1281,10170,60,0,0,0,56.5,1.0627
"15/01/2015","sweing",9,26.16,1369,10620,63,0,0,0,59,1.0001
"15/01/2015","sweing",6,11.61,1084,4950,38,0,0,0,31.5,1
"15/01/2015","sweing",12,11.61,1216,4950,50,0,0,0,31.5,1
"15/01/2015","sweing",5,20.79,391,10440,0,0,0,0,58,1.0001
"15/01/2015","finishing",7,2.9,0,1440,0,0,0,0,8,0.8616
"15/01/2015","sweing",3,22.52,1102,10170,30,0,0,0,56.5,1.3214
"15/01/2015","sweing",4,22.52,872,10080,26,0,0,0,56,1.0002
"15/01/2015","finishing",8,2.9,0,1440,0,0,0,0,8,0.7586
"15/01/2015","sweing",10,22.52,1076,10170,23,0,0,0,56.5,1.0005
"15/01/2015","sweing",11,14.89,917,9900,30,0,0,0,55,1.0001
"15/01/2015","sweing",2,22.94,1044,9810,23,0,0,0,54.5,1
"17/01/2015","finishing",5,4.15,0,2700,0,0,0,0,15,1.5188
"17/01/2015","finishing",2,3.94,0,1800,0,0,0,0,10,1.2261
"17/01/2015","finishing",10,3.94,0,1440,0,0,0,0,8,1.2183
"17/01/2015","finishing",1,3.94,0,1440,0,0,0,0,8,1.1053
"17/01/2015","finishing",9,3.94,0,1800,0,0,0,0,10,1.0335
"17/01/2015","sweing",6,11.41,1067,5490,63,0,0,0,30.5,1.0004
"17/01/2015","sweing",12,11.61,1039,5670,63,0,0,0,31.5,1.0003
"17/01/2015","sweing",7,25.9,1396,10170,50,0,0,0,56.5,1.0002
"17/01/2015","sweing",8,25.9,1292,10170,50,0,0,0,56.5,1.0002
"17/01/2015","sweing",1,48.68,171,10620,63,0,0,0,59,1.0001
"17/01/2015","sweing",9,26.16,1128,10620,63,0,0,0,59,1.0001
"17/01/2015","sweing",2,22.94,865,6570,23,0,0,0,56.5,1.2835
"17/01/2015","sweing",4,22.52,825,10170,50,0,0,0,56.5,1.0008
"17/01/2015","finishing",8,2.9,0,1440,0,0,0,0,8,0.8445
"17/01/2015","finishing",7,2.9,0,1440,0,0,0,0,8,0.8273
"17/01/2015","sweing",10,22.52,1163,9720,35,0,0,0,54,1.0003
"17/01/2015","sweing",3,22.52,1140,10170,30,0,0,0,56.5,1.0005
"17/01/2015","sweing",11,14.89,1027,10080,38,0,0,0,56,1.0005
"17/01/2015","finishing",6,2.9,0,900,0,0,0,0,5,0.5822
"17/01/2015","sweing",5,41.19,1052,10440,21,0,0,0,58,0.6457
"17/01/2015","finishing",11,4.15,0,1260,0,0,0,0,7,0.3923
"18/01/2015","finishing",5,4.15,0,1440,0,0,0,0,8,1.4213
"18/01/2015","finishing",11,4.15,0,2160,0,0,0,0,12,1.2898
"18/01/2015","finishing",6,2.9,0,1800,0,0,0,0,10,1.0061
"18/01/2015","sweing",6,11.41,1140,5490,63,0,0,0,30.5,1.0004
"18/01/2015","sweing",7,48.84,624,10170,50,0,0,0,56.5,1.0002
"18/01/2015","sweing",8,25.9,1288,10170,38,0,0,0,56.5,1.0002
"18/01/2015","sweing",9,26.16,1381,3660,50,0,0,0,59,1
"18/01/2015","sweing",4,22.52,882,10170,50,0,0,0,56.5,1.0008
"18/01/2015","sweing",10,22.52,1002,10080,40,0,0,0,56,1.0001
"18/01/2015","finishing",7,2.9,0,1440,0,0,0,0,8,0.8651
"18/01/2015","sweing",12,26.87,585,5670,56,0,0,0,31.5,0.8278
"18/01/2015","sweing",3,22.52,1138,10170,35,0,0,0,56.5,1.0006
"18/01/2015","sweing",11,14.89,1140,10260,44,0,0,0,57,1.0005
"18/01/2015","sweing",2,22.94,1025,10170,26,0,0,0,56.5,1.0004
"18/01/2015","finishing",8,2.9,0,1440,0,0,0,0,8,0.7998
"18/01/2015","sweing",5,20.4,1031,10440,30,0,0,0,58,1.0001
"18/01/2015","finishing",9,3.94,0,1800,0,0,0,0,10,0.7276
"18/01/2015","sweing",1,49.1,1381,10350,24,0,0,0,57.5,0.5041
"18/01/2015","finishing",10,3.94,0,1440,0,0,0,0,8,0.3369
"19/01/2015","finishing",4,4.3,0,5040,0,0,0,0,28,1.3961
"19/01/2015","finishing",9,3.94,0,1800,0,0,0,0,10,1.2051
"19/01/2015","finishing",5,4.15,0,1440,0,0,0,0,8,1.4752
"19/01/2015","sweing",6,11.41,1028,4380,50,0,0,0,31,1.0004
"19/01/2015","sweing",8,25.9,1380,3630,50,0,0,0,56.5,1.0002
"19/01/2015","sweing",9,26.16,1196,10620,63,0,0,0,59,1.0001
"19/01/2015","finishing",12,2.9,0,1440,0,0,0,0,8,0.9923
"19/01/2015","sweing",2,22.94,1006,10170,38,0,0,0,56.5,1.0722
"19/01/2015","sweing",4,22.52,930,10260,63,0,0,0,57,1.0715
"19/01/2015","sweing",3,22.52,1095,10170,50,0,0,0,56.5,1.0715
"19/01/2015","sweing",10,22.52,938,10080,63,0,0,0,56,1.0715
"19/01/2015","sweing",11,14.89,1484,10260,50,0,0,0,57,1.0002
"19/01/2015","finishing",8,2.9,0,1440,0,0,0,0,8,0.8548
"19/01/2015","sweing",5,20.4,1255,8280,35,0,0,0,58,1.0001
"19/01/2015","sweing",7,48.84,1040,10260,30,0,0,0,57,0.7206
"19/01/2015","sweing",1,22.94,1492,10170,30,0,0,0,56.5,1.0999
"19/01/2015","finishing",10,3.94,0,1440,0,0,0,0,8,0.7691
"19/01/2015","finishing",11,4.15,0,1440,0,0,0,0,8,0.5851
"19/01/2015","sweing",12,15.26,1111,6120,23,0,0,0,34,1.0006
"20/01/2015","finishing",5,4.15,0,1440,0,0,0,0,8,1.4765
"20/01/2015","sweing",6,11.41,1047,5580,63,0,0,0,31,1.0003
"20/01/2015","sweing",8,25.9,1434,10170,50,0,0,0,56.5,1.0002
"20/01/2015","sweing",9,26.16,399,10620,63,0,0,0,59,1.0001
"20/01/2015","sweing",4,22.52,983,10260,63,0,0,0,57,1.0715
"20/01/2015","sweing",10,22.52,1108,10080,63,0,0,0,56,1.0715
"20/01/2015","sweing",3,22.52,1134,8460,50,0,0,0,57,1.0715
"20/01/2015","sweing",2,22.94,1363,10260,50,0,0,0,57,1.0715
"20/01/2015","finishing",9,3.94,0,1800,0,0,0,0,10,0.9104
"20/01/2015","sweing",11,14.89,1501,10260,50,0,0,0,57,1.0002
"20/01/2015","sweing",5,20.4,1352,10260,50,0,0,0,57,1.0001
"20/01/2015","finishing",8,2.9,0,1440,0,0,0,0,8,0.7998
"20/01/2015","sweing",12,15.26,1352,3720,23,0,0,0,34,1.0006
"20/01/2015","sweing",7,22.94,1450,10080,30,0,0,0,56,1.1438
"20/01/2015","finishing",11,4.15,0,2700,0,0,0,0,15,0.5181
"21/01/2015","finishing",4,4.3,0,6000,0,0,0,0,20,1.3047
"21/01/2015","finishing",2,3.94,0,5100,0,0,0,0,17,1.3031
"21/01/2015","sweing",4,22.52,825,10080,94,0,0,0,56,1.2007
"21/01/2015","sweing",6,11.61,916,5760,75,0,0,0,89,1.063
"21/01/2015","finishing",9,3.94,0,2400,0,0,0,0,8,1.0339
"21/01/2015","sweing",8,25.9,562,7470,38,0,0,0,56.5,1.0005
"21/01/2015","sweing",2,22.94,1422,10500,60,0,0,0,57,1.1435
"21/01/2015","sweing",10,22.52,1206,10080,75,0,0,0,56,1.1429
"21/01/2015","finishing",5,4.15,0,2400,0,0,0,0,8,1.0831
"21/01/2015","sweing",5,20.4,1404,10440,50,0,0,0,58,1.0719
"21/01/2015","sweing",3,22.52,1139,10260,63,0,0,0,57,1.0715
"21/01/2015","sweing",11,14.89,1735,10260,50,0,0,0,57,1.0002
"21/01/2015","sweing",1,22.94,1595,10260,34,0,0,0,57,1.077
"21/01/2015","sweing",12,15.26,1245,6360,23,0,0,0,34,1.0003
"21/01/2015","finishing",8,2.9,0,2400,0,0,0,0,8,0.7436
"21/01/2015","sweing",9,54.56,757,4140,29,0,0,0,58,0.6503
"21/01/2015","finishing",1,3.94,0,2400,0,0,0,0,8,0.7771
"21/01/2015","sweing",7,22.52,1720,10080,23,0,0,0,56,1.0005
"21/01/2015","finishing",11,4.15,0,2700,0,0,0,0,9,0.6725
"22/01/2015","finishing",7,3.94,0,6000,0,0,0,0,10,1.5961
"22/01/2015","finishing",10,3.94,0,8400,0,0,0,0,14,1.2543
"22/01/2015","sweing",4,22.52,759,10080,81,0,0,0,56,1.1333
"22/01/2015","sweing",2,22.94,1510,10620,60,0,0,0,57,1.1433
"22/01/2015","sweing",6,11.61,955,6360,63,0,0,0,32,1.0002
"22/01/2015","sweing",10,22.52,1328,10080,55,0,0,0,56,1.0667
"22/01/2015","sweing",1,22.94,1384,12180,63,0,0,0,57,1.0717
"22/01/2015","sweing",3,22.52,1244,10260,63,0,0,0,57,1.0715
"22/01/2015","finishing",5,4.15,0,9000,0,0,0,0,15,1.0613
"22/01/2015","sweing",5,20.4,1480,10440,40,0,0,0,58,1.0004
"22/01/2015","sweing",11,14.89,1863,10260,50,0,0,0,57,1.0002
"22/01/2015","finishing",4,4.3,0,9000,0,0,0,0,15,0.8936
"22/01/2015","finishing",1,3.94,0,15000,0,0,0,0,25,0.9281
"22/01/2015","finishing",2,3.94,0,15000,0,0,0,0,25,0.9281
"22/01/2015","finishing",6,2.9,0,4800,0,0,0,0,8,0.7835
"22/01/2015","sweing",12,15.26,1492,6960,23,0,0,0,34,1.0007
"22/01/2015","sweing",7,22.52,1859,10260,23,0,0,0,57,1.0007
"22/01/2015","sweing",8,40.99,980,10770,30,0,0,0,56.5,0.6944
"22/01/2015","sweing",9,29.12,970,10440,30,0,0,0,58,1.0011
"22/01/2015","finishing",3,3.94,0,12000,0,0,0,0,20,0.658
"22/01/2015","finishing",8,2.9,0,4800,0,0,0,0,8,0.4972
"22/01/2015","finishing",12,4.08,0,5400,0,0,0,0,9,0.5457
"24/01/2015","finishing",5,4.15,0,2700,0,0,0,0,15,1.381
"24/01/2015","finishing",10,3.94,0,1800,0,0,0,0,10,1.2497
"24/01/2015","finishing",8,2.9,0,1620,0,0,0,0,9,1.1382
"24/01/2015","sweing",2,22.94,1606,10260,94,0,0,0,57,1.2009
"24/01/2015","sweing",4,22.52,727,10260,94,0,0,0,57,1.2004
"24/01/2015","finishing",11,4.15,0,1800,0,0,0,0,10,1.1947
"24/01/2015","finishing",3,3.94,0,1440,0,0,0,0,8,1.1939
"24/01/2015","finishing",7,3.94,0,2160,0,0,0,0,12,1.3394
"24/01/2015","finishing",12,4.08,0,1620,0,0,0,0,9,1.2266
"24/01/2015","sweing",1,22.94,1472,10260,75,0,0,0,57,1.1438
"24/01/2015","sweing",10,22.52,1332,10080,69,0,0,0,56,1.0675
"24/01/2015","sweing",6,11.61,1009,5640,63,0,0,0,32,1.0007
"24/01/2015","sweing",3,22.52,1266,10260,69,0,0,0,57,1.0671
"24/01/2015","sweing",12,15.26,1316,6120,40,0,0,0,34,1.0001
"24/01/2015","sweing",11,42.97,1282,10260,56,0,0,0,57,1.0001
"24/01/2015","sweing",5,20.4,1382,10440,50,0,0,0,58,1.0004
"24/01/2015","finishing",4,4.3,0,2160,0,0,0,0,12,0.8687
"24/01/2015","sweing",7,22.52,1295,10170,26,0,0,0,56.5,1.0006
"24/01/2015","sweing",9,29.12,925,6660,23,0,0,0,58,1.0002
"24/01/2015","finishing",2,3.94,0,1440,0,0,0,0,8,0.7711
"24/01/2015","finishing",1,3.94,0,1440,0,0,0,0,8,0.8262
"24/01/2015","sweing",8,15.09,1448,9360,23,0,0,0,52,1
"24/01/2015","finishing",9,3.94,0,1440,0,0,0,0,8,0.4353
"25/01/2015","finishing",5,4.15,0,3060,0,0,0,0,17,1.3911
"25/01/2015","finishing",2,3.94,0,1440,0,0,0,0,8,1.2934
"25/01/2015","finishing",1,3.94,0,1440,0,0,0,0,8,1.3858
"25/01/2015","finishing",3,3.94,0,1620,0,0,0,0,9,1.2824
"25/01/2015","finishing",10,3.94,0,3420,0,0,0,0,19,1.2735
"25/01/2015","finishing",4,4.3,0,2160,0,0,0,0,12,1.2694
"25/01/2015","sweing",4,22.52,867,10260,94,0,0,0,57,1.2004
"25/01/2015","sweing",2,22.94,1636,10530,81,0,0,0,58.5,1.1336
"25/01/2015","sweing",1,22.94,1682,10530,75,0,0,0,58.5,1.1442
"25/01/2015","sweing",3,22.52,1495,10350,55,0,0,0,57.5,1.0674
"25/01/2015","sweing",6,11.61,1181,5760,63,0,0,0,32,1.0005
"25/01/2015","sweing",10,22.52,1413,10080,69,0,0,0,56,1.0667
"25/01/2015","finishing",7,3.94,0,2520,0,0,0,0,14,1.1526
"25/01/2015","sweing",7,22.52,360,10170,40,0,0,0,56.5,1.0008
"25/01/2015","sweing",12,15.26,1296,6120,40,0,0,0,34,1.0006
"25/01/2015","sweing",5,20.4,1217,10440,50,0,0,0,58,1.0004
"25/01/2015","sweing",9,29.12,1086,10440,26,0,0,0,58,1.0006
"25/01/2015","finishing",12,4.08,0,1620,0,0,0,0,9,0.8831
"25/01/2015","sweing",11,42.97,532,10260,40,0,0,0,57,0.7882
"25/01/2015","sweing",8,15.09,1557,720,23,0,0,0,52,1.0001
"25/01/2015","finishing",8,2.9,0,720,0,0,0,0,4,0.4119
"26/01/2015","finishing",3,3.94,0,1800,0,0,0,0,10,1.4128
"26/01/2015","finishing",10,3.94,0,3780,0,0,0,0,21,1.3304
"26/01/2015","finishing",4,4.3,0,2160,0,0,0,0,12,1.2849
"26/01/2015","finishing",5,4.15,0,2700,0,0,0,0,15,1.3703
"26/01/2015","finishing",2,3.94,0,1800,0,0,0,0,10,1.2138
"26/01/2015","finishing",1,3.94,0,1800,0,0,0,0,10,1.3005
"26/01/2015","sweing",4,22.52,1016,10170,60,0,0,0,56.5,1.0629
"26/01/2015","sweing",6,11.61,1072,5760,50,0,0,0,32,1.0005
"26/01/2015","sweing",3,22.52,1584,10260,69,0,0,0,57,1.0671
"26/01/2015","sweing",2,22.94,1764,10260,55,0,0,0,57,1.0667
"26/01/2015","sweing",1,22.94,1745,10440,60,0,0,0,58,1.1429
"26/01/2015","sweing",10,22.52,1250,10080,55,0,0,0,56,1.0667
"26/01/2015","finishing",12,4.08,0,1620,0,0,0,0,9,1.099
"26/01/2015","sweing",5,20.4,1118,10320,56,0,0,0,58,1
"26/01/2015","sweing",9,29.12,1143,10440,40,0,0,0,58,1.0009
"26/01/2015","sweing",12,15.26,1337,6120,40,0,0,0,34,1.0006
"26/01/2015","finishing",7,3.94,0,1440,0,0,0,0,8,0.9943
"26/01/2015","sweing",8,15.09,1519,360,23,0,0,0,52,1.0002
"26/01/2015","sweing",11,28.08,749,10260,23,0,0,0,57,1.0002
"27/01/2015","sweing",2,22.52,1635,6840,119,0,0,0,57,1.3336
"27/01/2015","sweing",3,22.52,1299,6840,119,0,0,0,57,1.3336
"27/01/2015","finishing",10,3.94,0,1440,0,0,0,0,12,1.2244
"27/01/2015","finishing",4,4.3,0,1440,0,0,0,0,12,1.1758
"27/01/2015","finishing",5,4.15,0,1440,0,0,0,0,12,1.8528
"27/01/2015","sweing",10,22.52,1134,6720,70,0,0,0,56,1.1252
"27/01/2015","finishing",3,3.94,0,1440,0,0,0,0,12,1.1492
"27/01/2015","sweing",4,22.52,1106,6780,60,0,0,0,56.5,1.0629
"27/01/2015","finishing",8,3.94,0,960,0,0,0,0,8,1.3007
"27/01/2015","finishing",12,4.15,0,1080,0,0,0,0,9,1.1765
"27/01/2015","finishing",7,4.15,0,960,0,0,0,0,8,1.6071
"27/01/2015","sweing",1,22.94,1871,6960,55,0,0,0,58,1.067
"27/01/2015","finishing",2,3.94,0,1200,0,0,0,0,10,1.0507
"27/01/2015","finishing",1,3.94,0,1200,0,0,0,0,10,1.0375
"27/01/2015","sweing",9,29.12,1294,6960,50,0,0,0,58,1.0006
"27/01/2015","sweing",12,15.26,1462,4080,40,0,0,0,34,1.0002
"27/01/2015","sweing",8,15.09,976,240,23,0,0,0,52,1.0005
"27/01/2015","sweing",6,30.4,338,3840,34,0,0,0,32,0.7785
"27/01/2015","finishing",6,2.9,0,960,0,0,0,0,8,0.7781
"27/01/2015","sweing",5,20.79,1455,6960,30,0,0,0,58,1.0001
"27/01/2015","sweing",11,48.18,1282,6480,23,0,0,0,54,0.7409
"28/01/2015","sweing",2,22.52,1559,6840,90,0,0,0,57,1.2503
"28/01/2015","sweing",3,22.52,1350,6840,113,0,0,0,57,1.2503
"28/01/2015","finishing",6,2.9,0,1800,0,0,0,0,15,2.793
"28/01/2015","finishing",1,3.94,0,1200,0,0,0,0,10,1.2608
"28/01/2015","finishing",2,3.94,0,1800,0,0,0,0,15,1.1278
"28/01/2015","sweing",10,22.52,1175,6720,60,0,0,0,56,1.0632
"28/01/2015","sweing",1,22.94,1868,6960,81,0,0,0,58,1.1338
"28/01/2015","finishing",10,3.94,0,1200,0,0,0,0,10,1.0507
"28/01/2015","sweing",5,20.79,1045,6960,88,0,0,0,58,1.3342
"28/01/2015","sweing",4,22.52,1342,6780,50,0,0,0,56.5,1.0006
"28/01/2015","finishing",12,4.08,0,1080,0,0,0,0,9,1.0074
"28/01/2015","sweing",9,29.12,1340,6960,63,0,0,0,58,1.0723
"28/01/2015","sweing",12,15.26,1429,3600,45,0,0,0,35,1.0004
"28/01/2015","finishing",4,4.3,0,1440,0,0,0,0,12,0.9033
"28/01/2015","finishing",8,4.15,0,960,0,0,0,0,8,0.8513
"28/01/2015","sweing",11,20.1,1413,5880,46,0,0,0,54,1.0011
"28/01/2015","sweing",8,38.09,336,6240,0,0,0,0,52,0.6681
"28/01/2015","sweing",6,18.79,511,1800,23,0,0,0,32,1.2514
"28/01/2015","finishing",7,3.94,0,960,0,0,0,0,8,0.6773
"28/01/2015","sweing",7,23.54,958,6600,0,0,0,0,55,0.4756
"28/01/2015","finishing",11,2.9,0,960,0,0,0,0,8,0.5188
"29/01/2015","sweing",2,22.52,1416,6840,113,0,0,0,57,1.2503
"29/01/2015","finishing",4,4.3,0,1200,0,0,0,0,10,1.2363
"29/01/2015","sweing",3,22.52,1287,6840,100,0,0,0,57,1.1877
"29/01/2015","sweing",4,22.52,1444,6900,88,0,0,0,57.5,1.126
"29/01/2015","sweing",10,22.52,1088,6720,88,0,0,0,56,1.1252
"29/01/2015","finishing",6,2.9,0,1200,0,0,0,0,10,1.798
"29/01/2015","finishing",8,4.15,0,960,0,0,0,0,8,1.3501
"29/01/2015","finishing",11,2.9,0,960,0,0,0,0,8,1.441
"29/01/2015","finishing",10,3.94,0,1200,0,0,0,0,10,1.0712
"29/01/2015","finishing",1,3.94,0,1200,0,0,0,0,10,1.1382
"29/01/2015","sweing",1,22.94,1579,6960,81,0,0,0,58,1.1338
"29/01/2015","sweing",9,29.12,1170,6960,53,0,0,0,58,1.2145
"29/01/2015","sweing",5,20.79,1015,7080,81,0,0,0,59,1.2315
"29/01/2015","finishing",2,3.94,0,1200,0,0,0,0,10,0.9667
"29/01/2015","sweing",12,15.26,1436,4200,45,0,0,0,35,1.0009
"29/01/2015","finishing",12,4.08,0,1080,0,0,0,0,9,0.8462
"29/01/2015","sweing",11,20.1,1601,4320,46,0,0,0,51,1.001
"29/01/2015","sweing",6,18.79,717,3960,23,0,0,0,33,1.0002
"29/01/2015","finishing",3,3.94,0,960,0,0,0,0,8,0.6156
"29/01/2015","sweing",7,23.54,830,6600,0,0,0,0,55,0.7506
"31/01/2015","sweing",3,22.52,1136,6960,113,0,0,0,58,1.2506
"31/01/2015","sweing",2,22.52,1397,6840,113,0,0,0,57,1.2503
"31/01/2015","finishing",2,3.94,0,1200,0,0,0,0,10,1.2148
"31/01/2015","finishing",3,3.94,0,960,0,0,0,0,8,1.2148
"31/01/2015","finishing",4,3.94,0,1200,0,0,0,0,10,1.2148
"31/01/2015","finishing",10,3.94,0,1200,0,0,0,0,10,1.2148
"31/01/2015","finishing",1,3.94,0,1800,0,0,0,0,15,1.2958
"31/01/2015","finishing",9,3.94,0,240,0,0,0,0,2,1.2958
"31/01/2015","finishing",12,4.08,0,1080,0,0,0,0,9,1.2958
"31/01/2015","finishing",5,3.94,0,240,0,0,0,0,2,1.3884
"31/01/2015","finishing",7,3.94,0,1200,0,0,0,0,10,1.3884
"31/01/2015","finishing",8,3.94,0,960,0,0,0,0,8,1.4952
"31/01/2015","finishing",11,3.94,0,600,0,0,0,0,5,1.4952
"31/01/2015","finishing",6,3.94,0,1200,0,0,0,0,10,1.6198
"31/01/2015","sweing",10,22.52,1116,6720,93,0,0,0,56,1.1503
"31/01/2015","sweing",4,22.52,1432,6660,88,0,0,0,57.5,1.1257
"31/01/2015","sweing",9,29.12,1082,6840,81,0,0,0,57,1.1341
"31/01/2015","sweing",1,22.94,1502,6960,81,0,0,0,58,1.1338
"31/01/2015","sweing",12,15.26,1209,4200,45,0,0,0,35,1.0009
"31/01/2015","sweing",5,50.89,282,5880,56,0,0,0,59,0.9382
"31/01/2015","sweing",11,20.1,1417,6480,49,0,0,0,54,1.0002
"31/01/2015","sweing",6,18.79,799,3960,23,0,0,0,33,1.0012
"31/01/2015","sweing",7,23.54,1109,6720,0,0,0,0,56,0.5555
"31/01/2015","sweing",8,23.54,1144,6480,0,0,0,0,54,0.574
"01/02/2015","finishing",8,4.15,0,960,0,0,0,0,8,1.5563
"01/02/2015","sweing",2,22.52,1396,6900,113,0,0,0,57.5,1.2508
"01/02/2015","sweing",1,22.94,1582,3060,113,0,0,0,58.5,1.2505
"01/02/2015","finishing",1,3.94,0,2280,0,0,0,0,19,1.2673
"01/02/2015","sweing",3,22.52,1124,6840,100,0,0,0,57,1.1877
"01/02/2015","finishing",2,3.94,0,1200,0,0,0,0,10,1.141
"01/02/2015","finishing",7,3.94,0,2160,0,0,0,0,18,1.2746
"01/02/2015","finishing",10,3.94,0,1200,0,0,0,0,10,1.1081
"01/02/2015","sweing",10,22.52,1282,6720,75,0,0,0,56,1.0632
"01/02/2015","sweing",4,22.52,1472,7020,60,0,0,0,58.5,1.0626
"01/02/2015","finishing",4,4.3,0,1440,0,0,0,0,12,1.0563
"01/02/2015","sweing",9,29.12,1282,6960,45,0,0,0,58,1.0008
"01/02/2015","sweing",12,15.26,1276,1440,45,0,0,0,35,1.0006
"01/02/2015","finishing",12,4.08,0,1080,0,0,0,0,9,0.9369
"01/02/2015","sweing",11,20.1,1192,6120,75,0,0,0,54,1.0007
"01/02/2015","sweing",6,18.79,881,3960,26,0,0,0,33,1.0015
"01/02/2015","sweing",8,24.26,1196,6600,0,0,0,0,55,0.778
"01/02/2015","sweing",7,24.26,1400,6720,0,0,0,0,56,0.5879
"01/02/2015","finishing",6,2.9,0,1200,0,0,0,0,10,0.5236
"02/02/2015","sweing",1,22.94,16882,7020,113,0,0,0,58.5,1.2508
"02/02/2015","finishing",9,3.94,0,960,0,0,0,0,8,1.3257
"02/02/2015","sweing",2,22.52,21385,7020,88,0,0,0,58.5,1.1252
"02/02/2015","sweing",3,22.52,21266,6840,70,0,0,0,57,1.1252
"02/02/2015","sweing",10,22.52,21540,6720,88,0,0,0,56,1.1252
"02/02/2015","finishing",10,3.94,0,1200,0,0,0,0,10,1.0712
"02/02/2015","finishing",4,4.3,0,1440,0,0,0,0,12,1.0115
"02/02/2015","sweing",12,15.26,12261,3600,63,0,0,0,35,1.0005
"02/02/2015","sweing",4,22.52,23122,5940,50,0,0,0,56.5,1.0005
"02/02/2015","sweing",9,29.12,8992,6960,55,0,0,0,58,1.0666
"02/02/2015","finishing",12,4.08,0,1080,0,0,0,0,9,0.9873
"02/02/2015","sweing",11,20.55,9792,6480,60,0,0,0,54,1.0006
"02/02/2015","sweing",6,18.79,2984,3960,30,0,0,0,33,1.0005
"02/02/2015","finishing",8,4.15,0,960,0,0,0,0,8,0.8646
"02/02/2015","finishing",1,3.94,0,2280,0,0,0,0,19,0.6728
"02/02/2015","sweing",5,30.1,839,6960,0,0,0,0,58,1.0016
"02/02/2015","sweing",7,24.26,2698,6720,0,0,0,0,56,0.4219
"02/02/2015","finishing",6,2.9,0,1200,0,0,0,0,10,0.4672
"02/02/2015","sweing",8,24.26,1435,6600,0,0,0,0,55,0.4015
"03/02/2015","finishing",2,3.94,0,2400,0,0,0,0,20,1.2518
"03/02/2015","sweing",1,22.52,1500,6900,113,0,0,0,57.5,1.25
"03/02/2015","sweing",10,22.52,1188,6720,90,0,0,0,56,1.25
"03/02/2015","finishing",1,3.94,0,1200,0,0,0,0,10,1.2436
"03/02/2015","finishing",8,4.15,0,960,0,0,0,0,8,1.3957
"03/02/2015","sweing",3,22.52,1112,6840,100,0,0,0,57,1.1877
"03/02/2015","sweing",2,22.52,1452,6960,100,0,0,0,58,1.1875
"03/02/2015","finishing",9,3.94,0,1320,0,0,0,0,11,1.2266
"03/02/2015","sweing",4,22.52,340,5460,63,0,0,0,56.5,1.0005
"03/02/2015","sweing",12,15.26,1029,2040,50,0,0,0,35,1.0003
"03/02/2015","finishing",12,4.08,0,1080,0,0,0,0,9,0.9728
"03/02/2015","sweing",9,29.12,1070,6960,34,0,0,0,58,1.0008
"03/02/2015","sweing",11,25.31,946,5760,60,0,0,0,54,1.0007
"03/02/2015","sweing",6,18.79,913,4020,30,0,0,0,33.5,1.0003
"03/02/2015","sweing",8,24.26,1363,6660,0,0,0,0,55.5,0.8378
"03/02/2015","sweing",7,24.26,1639,6720,0,0,0,0,56,0.7736
"03/02/2015","finishing",4,4.3,0,1440,0,0,0,0,12,0.6719
"03/02/2015","finishing",6,2.9,0,960,0,0,0,0,8,0.7077
"03/02/2015","sweing",5,30.1,415,6960,0,0,0,0,58,0.692
"04/02/2015","sweing",2,22.52,1263,6900,100,0,0,0,57.5,1.3129
"04/02/2015","sweing",3,22.52,968,6840,113,0,0,0,57,1.2503
"04/02/2015","sweing",10,22.52,1108,6720,113,0,0,0,56,1.25
"04/02/2015","finishing",2,3.94,0,2160,0,0,0,0,18,1.2084
"04/02/2015","finishing",1,3.94,0,1200,0,0,0,0,10,1.1615
"04/02/2015","finishing",8,4.15,0,3000,0,0,0,0,25,1.3082
"04/02/2015","sweing",1,22.52,1532,6900,88,0,0,0,57.5,1.1252
"04/02/2015","sweing",12,15.26,1094,4080,38,0,0,0,34,1.0005
"04/02/2015","sweing",9,22.52,1086,6960,50,0,0,0,58,1
"04/02/2015","finishing",7,3.94,0,960,0,0,0,0,8,1.114
"04/02/2015","finishing",9,3.94,0,960,0,0,0,0,8,1.0069
"04/02/2015","sweing",6,18.79,941,3360,30,0,0,0,33,1.001
"04/02/2015","sweing",7,24.26,1471,6960,0,0,0,0,58,1.0009
"04/02/2015","sweing",11,10.05,1042,6120,60,0,0,0,53,1.0004
"04/02/2015","sweing",8,29.12,1248,6840,0,0,0,0,57,1.0002
"04/02/2015","finishing",12,4.08,0,1080,0,0,0,0,9,0.8594
"04/02/2015","sweing",5,30.1,326,5820,0,90,10,0,58.5,1.0013
"04/02/2015","finishing",6,2.9,0,960,0,0,0,0,8,0.7595
"04/02/2015","sweing",4,30.1,287,6060,23,150,15,0,55.5,1.002
"05/02/2015","sweing",2,22.52,1300,6780,113,0,0,0,56.5,1.2506
"05/02/2015","sweing",1,22.52,1485,6900,113,0,0,0,57.5,1.25
"05/02/2015","sweing",10,22.52,1039,6720,113,0,0,0,56,1.25
"05/02/2015","finishing",2,3.94,0,2640,0,0,0,0,22,1.2499
"05/02/2015","sweing",3,22.52,1063,6840,100,0,0,0,57,1.1877
"05/02/2015","finishing",6,2.9,0,960,0,0,0,0,8,1.3464
"05/02/2015","finishing",12,4.08,0,1080,0,0,0,0,9,1.1333
"05/02/2015","finishing",7,3.94,0,1200,0,0,0,0,10,1.2101
"05/02/2015","finishing",1,3.94,0,1440,0,0,0,0,12,1.0568
"05/02/2015","sweing",12,15.26,1083,720,38,0,0,0,34,1.0008
"05/02/2015","sweing",9,29.12,1069,6960,50,0,0,0,58,1
"05/02/2015","finishing",10,3.94,0,960,0,0,0,0,8,0.9645
"05/02/2015","sweing",11,10.05,668,2520,34,0,0,0,26,1.0005
"05/02/2015","sweing",6,18.79,766,2760,30,0,0,0,33,1.0001
"05/02/2015","sweing",5,30.1,557,6960,0,0,0,0,58,0.8032
"05/02/2015","sweing",7,24.26,1608,6960,0,0,0,0,58,7.4692
"05/02/2015","sweing",4,30.1,417,6360,23,0,0,1,53,1.0014
"05/02/2015","sweing",8,24.26,1167,6840,0,0,0,0,57,0.7094
"07/02/2015","finishing",2,3.94,0,3000,0,0,0,0,25,1.3133
"07/02/2015","sweing",2,22.52,1186,6900,113,0,0,0,58,1.25
"07/02/2015","sweing",3,22.52,1060,6840,100,0,0,0,57,1.1877
"07/02/2015","sweing",1,22.52,1534,6780,88,0,0,0,57,1.1252
"07/02/2015","sweing",10,22.52,1142,6720,88,0,0,0,56,1.1252
"07/02/2015","finishing",12,4.08,0,1080,0,0,0,0,9,1.1239
"07/02/2015","finishing",1,3.94,0,1200,0,0,0,0,10,1.0876
"07/02/2015","finishing",6,2.9,0,960,0,0,0,0,8,1.1278
"07/02/2015","sweing",12,15.26,1021,4080,63,0,0,0,34,1.0005
"07/02/2015","sweing",9,29.12,829,6960,50,0,0,0,58,1
"07/02/2015","finishing",9,3.94,0,960,0,0,0,0,8,0.9645
"07/02/2015","sweing",6,18.79,813,1560,34,0,0,0,33,1.0007
"07/02/2015","sweing",11,10.05,677,3240,45,0,0,0,27,1
"07/02/2015","finishing",7,3.94,0,1200,0,0,0,0,10,1.0225
"07/02/2015","sweing",7,24.26,658,6960,0,270,45,0,58,0.9461
"07/02/2015","sweing",4,30.1,486,6780,30,0,0,1,57,1.0004
"07/02/2015","sweing",5,30.1,687,7500,0,0,0,0,59,0.7795
"07/02/2015","finishing",4,4.3,0,960,0,0,0,0,8,0.5599
"07/02/2015","sweing",8,24.26,652,6840,0,300,37,0,57,0.5219
"08/02/2015","sweing",2,22.52,1233,6900,113,0,0,0,57.5,1.25
"08/02/2015","finishing",7,4.15,0,1440,0,0,0,0,12,1.3267
"08/02/2015","sweing",10,22.52,1388,6720,88,0,0,0,56,1.126
"08/02/2015","sweing",1,22.52,1615,6780,88,0,0,0,56.5,1.1252
"08/02/2015","sweing",3,22.52,1283,6720,88,0,0,0,56,1.1252
"08/02/2015","finishing",1,3.94,0,1200,0,0,0,0,10,1.1163
"08/02/2015","finishing",12,4.08,0,1080,0,0,0,0,9,1.1144
"08/02/2015","finishing",2,3.94,0,2160,0,0,0,0,18,1.0944
"08/02/2015","finishing",8,4.15,0,1800,0,0,0,0,15,1.2013
"08/02/2015","sweing",12,15.26,1026,2880,63,0,0,0,34,1.0004
"08/02/2015","sweing",9,29.12,909,6960,50,0,0,0,58,1
"08/02/2015","sweing",6,18.79,670,3960,34,0,0,0,33,1.0009
"08/02/2015","sweing",11,10.05,629,3240,45,0,0,0,27,1
"08/02/2015","sweing",5,30.1,754,7020,0,0,0,0,58.5,1.0009
"08/02/2015","finishing",6,2.9,0,960,0,0,0,0,8,0.8136
"08/02/2015","finishing",9,3.94,0,960,0,0,0,0,8,0.7593
"08/02/2015","sweing",4,30.1,712,6780,44,0,0,1,56.5,0.8742
"08/02/2015","sweing",7,24.26,148,6960,0,0,0,0,58,0.5079
"08/02/2015","sweing",8,24.26,154,6840,0,0,0,0,57,0.5047
"09/02/2015","finishing",2,3.94,0,2160,0,0,0,0,18,1.3225
"09/02/2015","finishing",1,3.94,0,1200,0,0,0,0,10,1.2025
"09/02/2015","sweing",10,22.52,1127,120,88,0,0,0,56,1.126
"09/02/2015","sweing",1,22.52,1506,3600,70,0,0,0,57,1.1256
"09/02/2015","sweing",2,22.52,1413,360,70,0,0,0,57,1.1256
"09/02/2015","finishing",6,2.9,0,960,0,0,0,0,8,1.1842
"09/02/2015","sweing",12,15.26,970,4080,63,0,0,0,34,1.0005
"09/02/2015","sweing",3,22.52,1271,5400,50,0,0,0,57,1.0002
"09/02/2015","sweing",9,29.12,1073,6960,50,0,0,0,58,1
"09/02/2015","sweing",4,30.1,767,3300,50,0,0,1,57,1.1286
"09/02/2015","sweing",11,10.05,103,0,45,0,0,0,54,1.0009
"09/02/2015","finishing",8,4.15,0,1800,0,0,0,0,15,2.0203
"09/02/2015","sweing",5,30.1,773,7020,40,0,0,0,58,1.0009
"09/02/2015","finishing",9,3.94,0,960,0,0,0,0,8,0.8721
"09/02/2015","sweing",6,18.79,708,4080,0,0,0,0,34,0.8167
"09/02/2015","sweing",7,30.1,842,6960,0,0,0,1,58,1.0009
"09/02/2015","sweing",8,30.1,901,6960,0,0,0,1,58,1.0009
"09/02/2015","finishing",12,4.08,0,1080,0,0,0,0,9,0.34
"10/02/2015","finishing",12,4.08,0,1080,0,0,0,0,9,1.2561
"10/02/2015","finishing",2,3.94,0,2160,0,0,0,0,18,1.2084
"10/02/2015","sweing",10,22.52,1268,0,88,0,0,0,56,1.1258
"10/02/2015","sweing",1,22.52,1546,0,88,0,0,0,57,1.1256
"10/02/2015","sweing",3,22.52,813,0,88,0,0,0,57,1.1256
"10/02/2015","sweing",2,22.52,1512,0,88,0,0,0,57,1.125
"10/02/2015","finishing",1,3.94,0,1440,0,0,0,0,12,1.0671
"10/02/2015","sweing",9,29.12,1263,2160,38,0,0,0,58,1.001
"10/02/2015","sweing",12,15.26,900,4080,50,0,0,0,34,1.0005
"10/02/2015","finishing",4,4.15,0,1800,0,0,0,0,15,1.1382
"10/02/2015","sweing",6,18.79,640,2400,0,0,0,0,34,1.0011
"10/02/2015","sweing",11,10.05,13,3240,34,0,0,0,54,0.9383
"10/02/2015","sweing",5,30.1,855,7020,45,0,0,0,58,1.0005
"10/02/2015","finishing",8,4.15,0,960,0,0,0,0,8,2.0108
"10/02/2015","sweing",4,30.1,855,7020,40,0,0,1,58,1.0009
"10/02/2015","finishing",9,3.94,0,960,0,0,0,0,8,0.8619
"10/02/2015","finishing",6,2.9,0,960,0,0,0,0,8,0.8378
"10/02/2015","sweing",7,30.1,1025,6960,23,0,0,1,58,1.0016
"10/02/2015","sweing",8,30.1,1061,6960,30,0,0,1,58,0.7871
"11/02/2015","finishing",4,4.15,0,1800,0,0,0,0,15,1.4759
"11/02/2015","finishing",12,4.08,0,1080,0,0,0,0,9,1.275
"11/02/2015","sweing",2,22.52,1557,0,90,0,0,0,57.5,1.2504
"11/02/2015","sweing",1,22.52,1498,0,113,0,0,0,57,1.2501
"11/02/2015","finishing",8,4.15,0,1440,0,0,0,0,12,2.8411
"11/02/2015","finishing",2,3.94,0,2160,0,0,0,0,18,1.14
"11/02/2015","finishing",5,4.15,0,240,0,0,0,0,2,1.2429
"11/02/2015","sweing",10,22.52,598,0,75,0,0,0,56,1.063
"11/02/2015","sweing",6,18.79,656,3480,38,0,0,0,34,1.0012
"11/02/2015","sweing",12,15.26,854,4080,50,0,0,0,34,1.0005
"11/02/2015","sweing",9,29.12,609,3240,50,0,0,0,58,1.0002
"11/02/2015","sweing",5,30.1,788,7380,56,0,0,0,59.5,1.0005
"11/02/2015","sweing",8,30.1,1069,4560,30,0,0,1,58,1.1907
"11/02/2015","sweing",4,30.1,667,5940,40,0,0,1,59.5,1.0008
"11/02/2015","finishing",1,3.94,0,1440,0,0,0,0,12,0.773
"11/02/2015","sweing",7,30.1,829,3360,23,0,0,1,58,1.0001
"11/02/2015","finishing",9,3.94,0,960,0,0,0,0,8,0.6772
"11/02/2015","sweing",3,22.52,11,6840,0,0,0,1,57,0.6711
"11/02/2015","sweing",11,11.41,434,3240,0,0,0,1,52,1.4512
"12/02/2015","sweing",1,22.52,1397,0,138,0,0,0,57,1.3756
"12/02/2015","finishing",4,4.15,0,1800,0,0,0,0,15,1.5666
"12/02/2015","sweing",2,22.52,1327,0,113,0,0,0,57.5,1.2504
"12/02/2015","finishing",12,4.08,0,1080,0,0,0,0,9,1.0483
"12/02/2015","sweing",12,15.26,894,4080,50,0,0,0,34,1.0005
"12/02/2015","finishing",8,4.15,0,1440,0,0,0,0,12,2.1585
"12/02/2015","sweing",5,30.1,610,7080,56,0,0,0,59,1.0011
"12/02/2015","sweing",6,18.79,779,3960,0,0,0,0,33,0.86
"12/02/2015","finishing",1,3.94,0,1440,0,0,0,0,12,0.8311
"12/02/2015","finishing",9,3.94,0,960,0,0,0,0,8,0.8208
"12/02/2015","sweing",4,30.1,419,7080,0,0,0,1,59,0.911
"12/02/2015","finishing",2,3.94,0,2160,0,0,0,0,18,0.7524
"12/02/2015","finishing",5,4.15,0,240,0,0,0,0,2,0.8286
"12/02/2015","sweing",7,30.1,909,7080,0,0,0,1,59,0.8241
"12/02/2015","sweing",11,11.41,1039,2280,0,0,0,2,55,1.0002
"12/02/2015","sweing",9,29.12,14,6960,0,0,0,0,58,0.6224
"12/02/2015","sweing",8,30.1,1193,7080,0,0,0,1,59,0.7129
"12/02/2015","sweing",10,22.52,10,6000,0,0,0,0,50,0.5517
"12/02/2015","sweing",3,30.1,770,6960,0,0,0,1,58,1.0009
"14/02/2015","sweing",1,22.52,1416,6840,113,0,0,0,57,1.2503
"14/02/2015","finishing",7,4.15,0,1800,0,0,0,0,15,1.3275
"14/02/2015","finishing",4,4.15,0,2400,0,0,0,0,20,1.2039
"14/02/2015","finishing",12,4.08,0,1080,0,0,0,0,9,1.0011
"14/02/2015","sweing",12,15.26,942,4080,63,0,0,0,34,1.0005
"14/02/2015","sweing",2,22.52,674,3660,63,0,0,0,57,1.0005
"14/02/2015","finishing",1,3.94,0,1440,0,0,0,0,12,0.9953
"14/02/2015","sweing",4,30.1,481,7140,0,0,0,1,59,1.0005
"14/02/2015","sweing",5,30.1,664,7140,56,0,0,0,59,1.0005
"14/02/2015","finishing",8,4.15,0,960,0,0,0,0,8,1.0366
"14/02/2015","sweing",8,30.1,824,5160,0,0,0,1,60,1.0003
"14/02/2015","sweing",7,30.1,957,7200,0,0,0,1,60,0.86
"14/02/2015","sweing",11,11.41,1039,2280,23,0,0,2,55,1.0007
"14/02/2015","sweing",6,18.79,822,4080,0,0,0,0,34,0.6966
"14/02/2015","sweing",3,30.1,1261,6960,30,0,0,1,58,1.0016
"14/02/2015","finishing",6,2.9,0,960,0,0,0,0,8,0.6042
"14/02/2015","finishing",9,3.94,0,960,0,0,0,0,8,0.2976
"15/02/2015","finishing",1,3.94,0,960,0,0,0,0,8,1.4005
"15/02/2015","finishing",2,3.94,0,960,0,0,0,0,8,1.3852
"15/02/2015","sweing",1,22.52,1420,6840,113,0,0,0,57,1.2503
"15/02/2015","finishing",12,4.08,0,1080,0,0,0,0,9,1.0956
"15/02/2015","sweing",12,15.26,1120,1440,50,0,0,0,34,1.001
"15/02/2015","finishing",5,4.15,0,240,0,0,0,0,2,1.0144
"15/02/2015","sweing",5,30.1,679,7140,0,0,0,0,59.5,0.9032
"15/02/2015","finishing",11,2.9,0,1200,0,0,0,0,10,1.1922
"15/02/2015","sweing",7,30.1,881,7080,0,0,0,1,59,1.0009
"15/02/2015","sweing",8,30.1,507,5880,40,2,10,1,59,1.0008
"15/02/2015","sweing",6,18.79,814,4080,0,0,0,0,34,0.9088
"15/02/2015","sweing",11,11.41,700,2640,23,0,0,2,53,1.0003
"15/02/2015","finishing",8,4.15,0,960,0,0,0,0,8,0.8646
"15/02/2015","finishing",6,2.9,0,960,0,0,0,0,8,0.7552
"15/02/2015","sweing",4,30.1,919,7140,0,0,0,1,59.5,0.7982
"15/02/2015","sweing",3,30.1,1361,6960,30,0,0,1,58,0.7929
"15/02/2015","sweing",2,22.52,12,6900,0,0,0,0,57.5,0.5402
"15/02/2015","finishing",4,4.15,0,2400,0,0,0,0,20,0.3827
"15/02/2015","sweing",9,18.79,1688,5280,0,0,0,1,54,0.5661
"16/02/2015","sweing",1,22.52,1422,6840,113,0,0,0,57,1.2503
"16/02/2015","finishing",9,3.94,0,1200,0,0,0,0,10,1.2005
"16/02/2015","finishing",12,4.08,0,1080,0,0,0,0,9,1.1144
"16/02/2015","finishing",3,4.15,0,960,0,0,0,0,8,1.7292
"16/02/2015","sweing",3,30.1,1263,600,63,0,0,1,58,1.2342
"16/02/2015","sweing",5,30.1,461,0,0,0,0,0,59,1.0012
"16/02/2015","sweing",12,15.26,1079,3720,38,0,0,0,34,1.0004
"16/02/2015","finishing",6,2.9,0,960,0,0,0,0,8,0.9667
"16/02/2015","sweing",6,18.79,895,3960,0,0,0,0,33,1.0009
"16/02/2015","sweing",4,30.1,912,7020,0,0,0,1,58,1.0005
"16/02/2015","finishing",4,4.15,0,1800,0,0,0,0,15,0.9631
"16/02/2015","sweing",7,30.1,784,600,30,0,0,1,59,1.0007
"16/02/2015","finishing",5,4.15,0,1200,0,0,0,0,10,0.8392
"16/02/2015","sweing",8,30.1,7,7080,27,2,10,2,59,0.8885
"16/02/2015","sweing",11,11.41,680,2160,30,0,0,2,54,0.8085
"16/02/2015","sweing",10,18.22,1131,5280,0,0,0,1,44,0.5924
"16/02/2015","sweing",9,18.79,2103,5400,0,0,0,1,54,0.5499
"16/02/2015","finishing",7,4.15,0,1800,0,0,0,0,15,0.3686
"17/02/2015","sweing",1,22.52,1445,6840,113,0,0,0,57,1.2503
"17/02/2015","finishing",10,3.94,0,960,0,0,0,0,8,1.1594
"17/02/2015","finishing",7,5.13,0,1200,0,0,0,0,10,1.3054
"17/02/2015","finishing",12,5.13,0,1080,0,0,0,0,9,1.1281
"17/02/2015","sweing",12,15.26,1133,4080,38,0,0,0,34,1.0005
"17/02/2015","finishing",3,5.13,0,1800,0,0,0,0,15,1.5732
"17/02/2015","sweing",6,18.79,726,3360,0,0,0,0,33,1.0008
"17/02/2015","sweing",4,30.1,849,7020,45,0,0,1,58,1.0005
"17/02/2015","finishing",6,2.9,0,960,0,0,0,0,8,0.9365
"17/02/2015","sweing",7,30.1,562,840,30,0,0,1,59,1.0013
"17/02/2015","sweing",11,11.41,1054,3420,30,0,0,2,56,1.0009
"17/02/2015","sweing",3,30.1,1422,6960,50,0,0,1,58,1.0009
"17/02/2015","finishing",4,5.13,0,960,0,0,0,0,8,0.8756
"17/02/2015","sweing",5,30.1,680,7140,0,0,0,0,59,0.8168
"17/02/2015","sweing",9,18.79,2120,5520,0,0,0,1,51,1.0002
"17/02/2015","sweing",8,29.4,179,0,23,5,30,2,58,1.0016
"17/02/2015","finishing",9,3.94,0,960,0,0,0,0,8,0.7326
"17/02/2015","finishing",2,5.13,0,1800,0,0,0,0,15,0.7268
"17/02/2015","sweing",2,30.33,838,6720,0,0,0,1,56,0.7221
"17/02/2015","sweing",10,18.22,741,0,0,8,35,1,49,0.4648
"18/02/2015","finishing",12,5.13,0,1200,0,0,0,0,10,1.2398
"18/02/2015","finishing",6,2.9,0,1440,0,0,0,0,12,1.1711
"18/02/2015","finishing",2,5.13,0,1440,0,0,0,0,12,1.1489
"18/02/2015","sweing",11,11.41,685,3360,30,0,0,2,56,1.173
"18/02/2015","sweing",4,30.1,864,480,50,0,0,1,58,1.0012
"18/02/2015","sweing",5,30.1,511,0,0,0,0,0,59,1.0012
"18/02/2015","sweing",12,15.26,1095,4080,63,0,0,0,34,1.0005
"18/02/2015","sweing",1,22.52,1374,3960,63,0,0,0,57,1.0003
"18/02/2015","sweing",6,18.79,759,3960,34,0,0,0,33,1.0009
"18/02/2015","sweing",7,30.1,553,2280,45,0,0,1,59,1.0007
"18/02/2015","finishing",4,5.13,0,960,0,0,0,0,8,0.9795
"18/02/2015","sweing",3,30.1,1057,0,40,0,0,1,58,1.0009
"18/02/2015","sweing",9,18.79,1587,4560,30,0,0,1,51,1.0001
"18/02/2015","finishing",7,5.13,0,960,0,0,0,0,8,0.9598
"18/02/2015","finishing",10,3.94,0,960,0,0,0,0,8,0.8003
"18/02/2015","finishing",8,5.13,0,960,0,0,0,0,8,0.8286
"18/02/2015","finishing",9,3.94,0,960,0,0,0,0,8,0.6872
"18/02/2015","sweing",2,30.33,868,6840,0,0,0,1,57,0.5469
"18/02/2015","sweing",10,19.68,1119,5640,0,8,35,1,47,0.4337
"18/02/2015","finishing",3,5.13,0,960,0,0,0,0,8,0.513
"18/02/2015","sweing",8,29.4,962,4560,0,5,30,2,57,0.3868
"19/02/2015","finishing",3,5.13,0,2880,0,0,0,0,12,1.6328
"19/02/2015","sweing",12,15.26,1126,1080,38,0,0,0,34,1.0009
"19/02/2015","sweing",1,22.52,265,3840,63,0,0,0,57,1.0006
"19/02/2015","sweing",4,30.1,859,7020,63,0,0,1,58.5,1.0001
"19/02/2015","sweing",5,30.1,276,600,63,4,15,0,59.5,1
"19/02/2015","finishing",6,2.9,0,4320,0,0,0,0,18,0.9823
"19/02/2015","sweing",6,18.79,899,3960,56,0,0,0,33,1.0009
"19/02/2015","finishing",10,3.94,0,2400,0,0,0,0,10,0.9166
"19/02/2015","finishing",2,5.13,0,3600,0,0,0,0,15,0.8877
"19/02/2015","sweing",3,30.1,247,6960,50,0,0,1,58,1.0009
"19/02/2015","sweing",11,11.41,653,3480,30,0,0,2,58,1.0008
"19/02/2015","sweing",8,29.4,1116,6240,0,0,0,2,57,1
"19/02/2015","finishing",4,5.13,0,1920,0,0,0,0,8,0.912
"19/02/2015","finishing",8,5.13,0,1920,0,0,0,0,8,0.9602
"19/02/2015","sweing",9,18.79,1603,6120,30,0,0,1,51,0.9123
"19/02/2015","finishing",5,5.13,0,1920,0,0,0,0,8,0.8418
"19/02/2015","sweing",7,30.1,444,0,0,5,20,1,59,0.8149
"19/02/2015","finishing",12,5.13,0,2160,0,0,0,0,9,0.762
"19/02/2015","sweing",2,30.33,841,6840,0,0,0,1,57,0.9005
"19/02/2015","sweing",10,19.68,1410,5760,0,0,0,1,48,0.3563
"22/02/2015","finishing",3,5.13,0,1800,0,0,0,0,15,1.7442
"22/02/2015","finishing",6,2.9,0,960,0,0,0,0,8,1.0399
"22/02/2015","finishing",2,5.13,0,4800,0,0,0,0,20,1.0376
"22/02/2015","finishing",11,2.9,0,2880,0,0,0,0,12,1.3426
"22/02/2015","sweing",12,15.26,1103,4080,63,0,0,0,34,1.0005
"22/02/2015","sweing",4,30.1,922,5820,63,0,0,1,59,1
"22/02/2015","finishing",12,5.13,0,2400,0,0,0,0,10,0.9797
"22/02/2015","finishing",9,3.94,0,2400,0,0,0,0,10,0.9419
"22/02/2015","sweing",6,18.79,1055,3960,45,0,0,0,33,1.0009
"22/02/2015","finishing",1,3.94,0,2880,0,0,0,0,12,0.9092
"22/02/2015","sweing",8,29.4,1146,6840,40,0,0,2,57,1.0009
"22/02/2015","sweing",2,30.33,746,6840,0,0,0,1,57,1.0009
"22/02/2015","sweing",11,11.41,834,3480,0,0,0,2,58,0.8962
"22/02/2015","sweing",9,18.79,1717,3240,30,0,0,1,57,0.8957
"22/02/2015","sweing",3,30.1,1041,8160,33,0,0,2,58,0.8951
"22/02/2015","sweing",10,21.25,1531,6000,0,0,0,1,50,0.6527
"22/02/2015","sweing",7,30.1,627,6960,0,4,20,1,58,0.5247
"22/02/2015","finishing",10,3.94,0,960,0,0,0,0,8,0.4822
"22/02/2015","sweing",5,30.1,450,5700,0,5,25,0,60,0.3844
"22/02/2015","finishing",7,5.13,0,960,0,0,0,0,8,0.4057
"23/02/2015","finishing",10,3.94,0,2400,0,0,0,0,20,1.1947
"23/02/2015","finishing",8,5.13,0,960,0,0,0,0,8,1.3292
"23/02/2015","finishing",12,5.13,0,1080,0,0,0,0,9,1.1281
"23/02/2015","finishing",3,5.13,0,2160,0,0,0,0,18,1.0889
"23/02/2015","sweing",12,15.26,1060,4080,63,0,0,0,34,1.0005
"23/02/2015","sweing",4,30.1,891,7140,38,0,0,1,59,1.0002
"23/02/2015","sweing",5,30.1,541,7140,38,0,0,0,59,1.0002
"23/02/2015","sweing",7,30.1,709,6960,45,0,0,1,58,1.001
"23/02/2015","sweing",6,18.79,1100,3960,45,0,0,0,33,1.0009
"23/02/2015","sweing",11,11.41,826,2820,0,0,0,2,58,1.0004
"23/02/2015","sweing",2,30.33,577,2160,30,0,0,1,58,1.0009
"23/02/2015","sweing",8,29.4,1094,6840,40,0,0,2,57,1.0009
"23/02/2015","sweing",3,29.4,1228,6960,30,0,0,2,58,1.0005
"23/02/2015","sweing",9,18.79,1641,6000,40,0,0,1,50,0.859
"23/02/2015","sweing",10,21.25,1583,6000,0,0,0,1,50,0.597
"23/02/2015","finishing",6,2.9,0,960,0,0,0,0,8,0.4645
"23/02/2015","finishing",9,2.9,0,960,0,0,0,0,8,0.4645
"23/02/2015","finishing",2,5.13,0,960,0,0,0,0,8,0.4609
"23/02/2015","finishing",7,5.13,0,960,0,0,0,0,8,0.5092
"24/02/2015","finishing",10,2.9,0,1800,0,0,0,0,15,1.2889
"24/02/2015","finishing",3,4.6,0,1440,0,0,0,0,12,1.0142
"24/02/2015","sweing",12,15.26,1062,4080,50,0,0,0,34,1.0005
"24/02/2015","sweing",5,30.1,450,7140,50,0,0,0,60,1.0002
"24/02/2015","sweing",4,30.1,901,6480,50,0,0,1,59,1.0001
"24/02/2015","finishing",8,4.6,0,960,0,0,0,0,8,1.1307
"24/02/2015","sweing",7,30.1,739,5640,45,0,0,1,59,1.001
"24/02/2015","sweing",6,18.79,913,3360,45,0,0,0,33,1.0009
"24/02/2015","sweing",11,11.61,698,3360,34,0,0,2,57,1.0006
"24/02/2015","sweing",3,29.4,1172,5340,45,0,0,2,60,1.0002
"24/02/2015","finishing",6,2.9,0,1800,0,0,0,0,15,0.9692
"24/02/2015","finishing",9,2.9,0,1800,0,0,0,0,15,1.0385
"24/02/2015","sweing",2,30.33,408,1680,30,0,0,1,59,1.0009
"24/02/2015","sweing",8,29.4,1079,4560,40,0,0,2,58,1.0007
"24/02/2015","sweing",9,18.79,1068,3000,30,0,0,1,52,1.0004
"24/02/2015","finishing",11,2.9,0,960,0,0,0,0,8,0.721
"24/02/2015","sweing",10,21.25,1834,6360,0,0,0,1,53,0.673
"24/02/2015","finishing",2,3.9,0,960,0,0,0,0,8,0.4643
"24/02/2015","sweing",1,22.53,708,5040,0,0,0,1,42,0.447
"25/02/2015","sweing",9,18.79,1085,6240,56,0,0,1,52,1.2944
"25/02/2015","finishing",5,4.6,0,1080,0,0,0,0,9,1.1287
"25/02/2015","finishing",3,4.6,0,2400,0,0,0,0,20,1.126
"25/02/2015","finishing",12,4.6,0,1800,0,0,0,0,15,1.1244
"25/02/2015","finishing",10,2.9,0,1200,0,0,0,0,10,1.2083
"25/02/2015","sweing",4,30.1,323,4080,50,0,0,1,59,1.001
"25/02/2015","sweing",12,15.26,1053,4080,50,0,0,0,34,1.0005
"25/02/2015","sweing",7,30.1,786,7080,50,0,0,2,59,1.0001
"25/02/2015","sweing",6,18.79,1003,3960,45,0,0,1,33,1.0009
"25/02/2015","sweing",11,11.61,635,3360,45,0,0,0,57,1.0007
"25/02/2015","sweing",3,29.4,1283,6960,45,0,0,2,58,1.0003
"25/02/2015","sweing",8,29.4,847,6960,30,0,0,1,58,1.0005
"25/02/2015","sweing",2,30.33,361,3960,30,0,0,1,58,1.0001
"25/02/2015","sweing",10,21.82,1653,6240,0,0,0,2,52,1.0001
"25/02/2015","finishing",7,4.6,0,960,0,0,0,0,8,0.9022
"25/02/2015","finishing",8,4.6,0,960,0,0,0,0,8,0.9408
"25/02/2015","sweing",5,30.1,15,1200,49,0,0,1,59,0.7485
"25/02/2015","sweing",1,22.53,762,5040,0,0,0,1,42,0.894
"25/02/2015","finishing",2,3.9,0,960,0,0,0,0,8,0.6291
"25/02/2015","finishing",6,2.9,0,960,0,0,0,0,8,0.5478
"25/02/2015","finishing",9,2.9,0,960,0,0,0,0,8,0.5869
"26/02/2015","finishing",3,4.6,0,6300,0,0,0,0,15,1.1521
"26/02/2015","finishing",5,4.6,0,7560,0,0,0,0,18,1.152
"26/02/2015","sweing",7,30.1,694,4080,50,0,0,1,59,1.001
"26/02/2015","sweing",11,11.61,816,2820,50,0,0,2,57,1.0006
"26/02/2015","sweing",12,15.26,1065,4080,63,0,0,0,34,1.0005
"26/02/2015","finishing",1,3.94,0,3360,0,0,0,0,8,1.5377
"26/02/2015","sweing",6,18.79,912,3960,45,0,0,0,33,1.0009
"26/02/2015","sweing",3,29.4,1244,6840,45,0,0,2,57,1.0006
"26/02/2015","sweing",9,18.79,1020,5640,45,0,0,1,52,1.0005
"26/02/2015","sweing",8,29.4,916,6960,56,0,0,2,58,1.0003
"26/02/2015","sweing",10,21.82,1591,3240,0,0,0,1,52,1.0004
"26/02/2015","sweing",2,30.33,398,6960,0,0,0,1,58,0.9463
"26/02/2015","finishing",12,4.6,0,3780,0,0,0,0,9,0.7383
"26/02/2015","finishing",2,3.9,0,960,0,0,0,0,8,0.7951
"26/02/2015","sweing",4,30.1,437,7080,32,0,0,2,59,0.6195
"26/02/2015","sweing",5,27.48,413,6840,38,0,0,1,57,1.2856
"26/02/2015","finishing",10,2.9,0,3360,0,0,0,0,8,0.5869
"26/02/2015","finishing",9,2.9,0,960,0,0,0,0,8,0.5438
"26/02/2015","sweing",1,26.66,1164,6600,23,0,0,2,55,1.0826
"26/02/2015","finishing",8,4.6,0,3360,0,0,0,0,8,0.5021
"26/02/2015","finishing",6,2.9,0,3360,0,0,0,0,8,0.3625
"28/02/2015","finishing",3,4.6,0,6300,0,0,0,0,15,1.1521
"28/02/2015","finishing",5,4.6,0,7560,0,0,0,0,18,1.152
"28/02/2015","sweing",11,11.61,954,0,50,0,0,2,58,1.001
"28/02/2015","sweing",12,15.26,1194,1700,62,0,0,0,34,1.0003
"28/02/2015","sweing",7,30.1,644,840,38,0,0,1,59,1
"28/02/2015","finishing",1,3.94,0,3360,0,0,0,0,8,1.5377
"28/02/2015","sweing",3,29.4,1144,4440,45,0,0,2,57,1.001
"28/02/2015","sweing",6,18.79,1012,3960,45,0,0,0,33,1.0009
"28/02/2015","sweing",8,29.4,792,4560,56,0,0,2,58,1.0006
"28/02/2015","sweing",9,18.79,841,6240,45,0,0,1,52,1.0005
"28/02/2015","sweing",10,21.82,1448,6120,40,0,0,1,51,1.0003
"28/02/2015","sweing",2,30.33,512,4560,0,0,0,1,58,1.0003
"28/02/2015","finishing",12,4.6,0,3780,0,0,0,0,9,0.7383
"28/02/2015","finishing",2,3.9,0,960,0,0,0,0,8,0.7951
"28/02/2015","sweing",5,27.48,609,6840,30,0,0,1,57,1.1008
"28/02/2015","sweing",1,26.66,1448,6840,30,0,0,2,57,1.1007
"28/02/2015","sweing",4,26.66,556,6960,23,0,0,2,58,1.0005
"28/02/2015","finishing",10,2.9,0,3360,0,0,0,0,8,0.5869
"28/02/2015","finishing",9,2.9,0,960,0,0,0,0,8,0.5438
"28/02/2015","finishing",8,4.6,0,3360,0,0,0,0,8,0.5021
"28/02/2015","finishing",6,2.9,0,3360,0,0,0,0,8,0.3625
"01/03/2015","finishing",3,4.6,0,10500,0,0,0,0,25,1.1704
"01/03/2015","finishing",8,4.6,0,3360,0,0,0,0,8,1.0848
"01/03/2015","sweing",12,15.26,1106,4080,63,0,0,0,34,1.0005
"01/03/2015","sweing",8,29.4,622,6240,56,0,0,0,57,1.001
"01/03/2015","sweing",6,18.79,1193,3960,45,0,0,0,33,1.0009
"01/03/2015","sweing",3,29.4,1143,6840,45,0,0,0,57,1.0006
"01/03/2015","sweing",9,18.79,895,6240,34,0,0,0,52,1.0005
"01/03/2015","sweing",5,27.48,549,6720,38,0,0,0,56,1.1791
"01/03/2015","sweing",10,21.82,1393,5640,30,0,0,0,52,1.0003
"01/03/2015","sweing",1,26.66,1578,6840,38,0,0,0,57,1.1667
"01/03/2015","sweing",2,30.33,254,1800,0,0,0,0,58,0.9765
"01/03/2015","sweing",11,11.61,347,0,50,4,20,0,57,0.853
"01/03/2015","finishing",4,3.94,0,960,0,0,0,0,8,1.1218
"01/03/2015","finishing",10,2.9,0,3360,0,0,0,0,8,0.9494
"01/03/2015","sweing",4,26.66,692,6840,23,0,0,0,57,1.0004
"01/03/2015","finishing",2,3.9,0,960,0,0,0,0,8,0.8357
"01/03/2015","sweing",7,30.1,934,6960,0,4,15,0,58,0.7244
"01/03/2015","finishing",1,3.94,0,3360,0,0,0,0,8,0.7479
"01/03/2015","finishing",9,2.9,0,960,0,0,0,0,8,0.5961
"01/03/2015","finishing",7,4.6,0,3360,0,0,0,0,8,0.438
"02/03/2015","finishing",2,3.9,0,1200,0,0,0,0,10,1.3269
"02/03/2015","finishing",3,4.6,0,10080,0,0,0,0,24,1.0755
"02/03/2015","finishing",4,3.94,0,960,0,0,0,0,8,1.2414
"02/03/2015","sweing",1,26.66,1527,6840,65,0,0,0,57,1.2317
"02/03/2015","sweing",12,15.26,1035,4080,63,0,0,0,34,1.0005
"02/03/2015","finishing",9,2.9,0,1200,0,0,0,0,10,1.0672
"02/03/2015","sweing",11,11.61,632,0,50,0,0,0,57,1.0004
"02/03/2015","sweing",3,29.4,1231,4680,50,0,0,0,57,1.0002
"02/03/2015","sweing",7,30.1,616,7080,0,0,0,0,59,1.0001
"02/03/2015","finishing",8,4.6,0,3360,0,0,0,0,8,1.0311
"02/03/2015","sweing",6,18.79,947,2880,34,0,0,0,33,1.0011
"02/03/2015","sweing",8,29.4,551,6840,45,0,0,0,57,1.0006
"02/03/2015","sweing",9,18.79,935,6240,45,0,0,0,52,1.0005
"02/03/2015","sweing",4,26.66,832,6780,55,0,0,0,57,1.1542
"02/03/2015","sweing",5,27.48,544,6720,34,0,0,0,56,1.0783
"02/03/2015","sweing",10,21.82,1511,3600,30,0,0,0,51,1.0002
"02/03/2015","finishing",10,2.9,0,3360,0,0,0,0,8,0.9034
"02/03/2015","finishing",12,4.6,0,3780,0,0,0,0,9,0.7596
"02/03/2015","finishing",1,3.94,0,3360,0,0,0,0,8,0.8276
"02/03/2015","finishing",7,4.6,0,3360,0,0,0,0,8,0.428
"03/03/2015","finishing",7,4.6,0,4200,0,0,0,0,10,1.2494
"03/03/2015","finishing",3,4.6,0,6300,0,0,0,0,15,1.1287
"03/03/2015","sweing",11,11.41,601,0,50,0,0,0,56,1.0009
"03/03/2015","sweing",1,26.66,1562,6960,60,0,0,0,58,1.1437
"03/03/2015","sweing",12,15.26,983,4080,50,0,0,0,34,1.0005
"03/03/2015","sweing",3,29.4,1156,6840,50,0,0,0,57,1.0004
"03/03/2015","sweing",7,30.1,29,7080,50,0,0,0,59,1.0001
"03/03/2015","sweing",4,26.66,950,6960,50,0,0,0,58,1.0725
"03/03/2015","sweing",8,29.4,534,6840,56,0,0,0,57,1.0006
"03/03/2015","sweing",9,18.79,1096,6240,34,0,0,0,52,1.0005
"03/03/2015","sweing",6,20.2,402,3120,45,0,0,0,33,1.0003
"03/03/2015","finishing",8,4.6,0,3360,0,0,0,0,8,0.937
"03/03/2015","sweing",5,27.48,573,6840,30,0,0,0,57,1.0009
"03/03/2015","sweing",10,21.82,1313,5040,30,0,0,0,51,1
"03/03/2015","finishing",12,4.6,0,3780,0,0,0,0,9,0.7951
"03/03/2015","finishing",2,3.9,0,6300,0,0,0,0,15,1.4184
"03/03/2015","finishing",1,3.94,0,3360,0,0,0,0,8,0.7935
"03/03/2015","finishing",4,3.94,0,3360,0,0,0,0,8,0.7935
"03/03/2015","finishing",10,2.9,0,3360,0,0,0,0,8,0.6617
"03/03/2015","finishing",5,4.6,0,3360,0,0,0,0,8,0.5063
"03/03/2015","finishing",6,2.9,0,3360,0,0,0,0,8,0.4124
"03/03/2015","sweing",2,15.28,157,5400,0,7,30,1,45,0.7569
"04/03/2015","finishing",3,4.6,0,1200,0,0,0,0,10,1.174
"04/03/2015","finishing",8,4.6,0,960,0,0,0,0,8,1.163
"04/03/2015","finishing",12,4.6,0,1080,0,0,0,0,9,1.1074
"04/03/2015","finishing",9,2.9,0,960,0,0,0,0,8,1.1117
"04/03/2015","finishing",1,3.94,0,960,0,0,0,0,8,1.1527
"04/03/2015","finishing",4,3.94,0,960,0,0,0,0,8,1.1515
"04/03/2015","sweing",11,11.41,433,0,38,0,0,0,56,1.0009
"04/03/2015","sweing",12,15.26,961,4080,50,0,0,0,34,1.0005
"04/03/2015","sweing",3,29.4,1169,6840,63,0,0,0,57,1.0004
"04/03/2015","sweing",7,30.1,874,3960,50,0,0,0,59,1.0001
"04/03/2015","sweing",4,26.82,1028,6960,60,0,0,0,58,1.1428
"04/03/2015","sweing",1,26.82,1772,6960,50,0,0,0,58,1.0724
"04/03/2015","sweing",9,18.79,1206,6240,34,0,0,0,52,1.0005
"04/03/2015","sweing",5,27.48,586,6960,40,0,0,0,58,1.0006
"04/03/2015","sweing",10,21.82,1334,5760,30,0,0,0,53,1.0001
"04/03/2015","finishing",7,4.6,0,8400,0,0,0,0,20,0.8561
"04/03/2015","finishing",5,4.6,0,960,0,0,0,0,8,0.8458
"04/03/2015","finishing",2,3.9,0,960,0,0,0,0,8,1.0806
"04/03/2015","sweing",8,29.4,30,6840,0,0,0,0,57,0.5416
"04/03/2015","sweing",2,15.28,261,5520,0,0,0,1,46,0.8083
"04/03/2015","sweing",6,18.79,52,3960,0,0,0,0,33,0.4429
"05/03/2015","finishing",8,4.6,0,2640,0,0,0,0,22,1.2262
"05/03/2015","finishing",2,3.9,0,960,0,0,0,0,8,1.5844
"05/03/2015","finishing",11,2.9,0,1200,0,0,0,0,10,1.1591
"05/03/2015","finishing",12,4.6,0,1080,0,0,0,0,9,1.0861
"05/03/2015","finishing",1,3.94,0,960,0,0,0,0,8,1.1609
"05/03/2015","finishing",4,3.94,0,960,0,0,0,0,8,1.1609
"05/03/2015","finishing",3,4.6,0,1800,0,0,0,0,15,1.0126
"05/03/2015","sweing",11,11.41,455,3420,50,0,0,0,56,1.0009
"05/03/2015","sweing",3,29.4,797,1800,63,0,0,0,57,1.0007
"05/03/2015","sweing",12,15.26,959,4080,50,0,0,0,34,1.0005
"05/03/2015","sweing",1,26.82,1373,6960,50,0,0,0,58,1.0724
"05/03/2015","sweing",9,18.79,1228,6240,45,0,0,0,52,1.0005
"05/03/2015","sweing",4,26.82,1117,7080,50,0,0,0,59,1.0715
"05/03/2015","sweing",5,27.48,230,6960,40,0,0,0,58,1.0006
"05/03/2015","sweing",10,21.82,1390,6000,30,0,0,0,50,1.0006
"05/03/2015","sweing",2,15.28,529,1320,0,0,0,1,46,1.0002
"05/03/2015","finishing",9,2.9,0,960,0,0,0,0,8,0.6042
"05/03/2015","sweing",7,30.1,834,1200,0,4,40,0,59,0.4576
"05/03/2015","sweing",6,22.53,1450,2640,0,0,0,1,39,0.7534
"07/03/2015","finishing",12,4.6,0,1080,0,0,0,0,9,1.0861
"07/03/2015","sweing",12,15.26,986,4080,75,0,0,0,34,1.0632
"07/03/2015","sweing",1,26.82,1267,8160,70,0,0,0,58,1.2144
"07/03/2015","finishing",7,4.6,0,6000,0,0,0,0,25,1.0318
"07/03/2015","finishing",5,3.94,0,2400,0,0,0,0,10,2.3021
"07/03/2015","sweing",4,26.82,1195,6960,60,0,0,0,58,1.1439
"07/03/2015","sweing",3,29.4,983,6840,63,0,0,1,57,1.0007
"07/03/2015","sweing",11,11.41,471,3420,50,0,0,0,58,1
"07/03/2015","finishing",6,2.9,0,960,0,0,0,0,8,1.595
"07/03/2015","sweing",9,18.79,1226,3480,45,0,0,0,51,1
"07/03/2015","sweing",10,21.82,1251,6000,30,0,0,0,50,1.0006
"07/03/2015","finishing",1,3.94,0,960,0,0,0,0,8,0.9498
"07/03/2015","finishing",4,3.94,0,960,0,0,0,0,8,0.9498
"07/03/2015","finishing",11,2.9,0,960,0,0,0,0,8,0.8214
"07/03/2015","sweing",2,16.1,626,4200,0,0,0,1,45,1.0004
"07/03/2015","finishing",8,4.6,0,3600,0,0,0,0,15,0.7384
"07/03/2015","finishing",2,3.9,0,1920,0,0,0,0,8,0.8125
"07/03/2015","sweing",6,23.41,1379,2280,0,0,0,1,39,1.0011
"07/03/2015","sweing",5,27.48,541,6960,24,0,0,1,58,0.5842
"08/03/2015","finishing",3,4.6,0,1440,0,0,0,0,12,1.1899
"08/03/2015","finishing",12,4.6,0,1080,0,0,0,0,9,1.1819
"08/03/2015","finishing",9,2.9,0,1080,0,0,0,0,9,1.2388
"08/03/2015","finishing",1,3.94,0,960,0,0,0,0,8,1.1875
"08/03/2015","finishing",4,3.94,0,960,0,0,0,0,8,1.1875
"08/03/2015","finishing",2,3.9,0,1200,0,0,0,0,10,1.2629
"08/03/2015","finishing",5,3.94,0,960,0,0,0,0,8,1.7158
"08/03/2015","sweing",4,26.82,1082,6840,65,0,0,0,57,1.1334
"08/03/2015","sweing",1,26.82,1254,6960,65,0,0,0,58,1.1334
"08/03/2015","sweing",3,30.1,1278,3360,50,0,0,1,57,1.0006
"08/03/2015","sweing",12,15.26,1064,4080,63,0,0,0,34,1.0005
"08/03/2015","sweing",11,11.41,313,3420,50,0,0,0,58,1
"08/03/2015","finishing",11,2.9,0,960,0,0,0,0,8,0.944
"08/03/2015","sweing",9,18.79,1239,5640,45,0,0,0,52,1.0005
"08/03/2015","sweing",10,21.82,1335,6000,30,0,0,0,50,1.0006
"08/03/2015","sweing",2,16.1,928,4800,30,0,0,1,45,1.0002
"08/03/2015","sweing",6,23.41,1266,2520,23,0,0,1,38,1.0017
"08/03/2015","sweing",8,30.48,869,6720,0,0,0,1,56,1.0009
"08/03/2015","sweing",5,26.82,711,7080,23,0,0,1,59,1.0001
"08/03/2015","finishing",8,3.9,0,960,0,0,0,0,8,0.7516
"08/03/2015","finishing",10,2.9,0,960,0,0,0,0,8,0.6301
"08/03/2015","finishing",6,2.9,0,960,0,0,0,0,8,0.4531
"09/03/2015","finishing",11,2.9,0,0,960,0,0,0,8,1.2008
"09/03/2015","finishing",12,4.6,0,0,1080,0,0,0,9,1.1287
"09/03/2015","finishing",5,3.94,0,0,2880,0,0,0,12,1.4406
"09/03/2015","sweing",4,26.82,1079,7020,65,0,0,0,58,1.1339
"09/03/2015","sweing",1,26.82,1322,7140,65,0,0,0,59,1.1339
"09/03/2015","finishing",9,2.9,0,0,3600,0,0,0,15,1.1213
"09/03/2015","sweing",3,30.1,964,5160,50,0,0,1,58,1.0011
"09/03/2015","sweing",12,15.26,1132,4080,63,0,0,0,34,1.0005
"09/03/2015","sweing",11,11.41,357,3420,50,0,0,0,58,1
"09/03/2015","finishing",3,4.6,0,0,1440,0,0,0,12,0.9943
"09/03/2015","finishing",4,3.94,0,0,960,0,0,0,8,1.0605
"09/03/2015","finishing",1,3.94,0,0,960,0,0,0,8,1.0594
"09/03/2015","sweing",9,18.79,1193,6240,45,0,0,0,52,1.0005
"09/03/2015","sweing",2,16.1,817,5520,30,0,0,1,45,1.0007
"09/03/2015","sweing",10,21.82,1576,6000,30,0,0,0,50,1.0006
"09/03/2015","finishing",2,3.9,0,0,1200,0,0,0,10,0.975
"09/03/2015","sweing",6,23.41,1262,4560,35,0,0,1,38,1.0015
"09/03/2015","sweing",8,30.48,953,6720,26,0,0,1,56,1.0006
"09/03/2015","sweing",5,26.82,919,7080,23,0,0,1,59,1.0001
"09/03/2015","sweing",7,30.48,1161,6600,0,0,0,1,55,1.0012
"09/03/2015","finishing",10,2.9,0,0,960,0,0,0,8,0.6818
"09/03/2015","finishing",8,3.9,0,0,960,0,0,0,8,0.4063
"10/03/2015","finishing",12,4.6,0,1080,0,0,0,0,9,1.15
"10/03/2015","finishing",5,3.94,0,1440,0,0,0,0,12,1.5157
"10/03/2015","sweing",1,26.82,1574,7080,75,0,0,0,59,1.2001
"10/03/2015","finishing",3,4.6,0,1440,0,0,0,0,12,1.1181
"10/03/2015","finishing",4,3.94,0,960,0,0,0,0,8,1.1754
"10/03/2015","finishing",1,3.94,0,960,0,0,0,0,8,1.1743
"10/03/2015","sweing",4,26.82,1104,5880,65,0,0,0,59,1.1334
"10/03/2015","finishing",9,2.9,0,1800,0,0,0,0,15,1.0956
"10/03/2015","sweing",12,15.26,1069,4080,63,0,0,0,34,1.0005
"10/03/2015","sweing",3,30.1,756,6960,63,0,0,1,58,1.0001
"10/03/2015","sweing",11,11.41,338,3420,50,0,0,0,58,1
"10/03/2015","finishing",11,2.9,0,960,0,0,0,0,8,0.9478
"10/03/2015","sweing",10,21.82,1499,6000,34,0,0,0,50,1.0008
"10/03/2015","sweing",9,18.79,1247,6240,45,0,0,0,52,1.0005
"10/03/2015","finishing",2,3.9,0,960,0,0,0,0,8,1.0586
"10/03/2015","sweing",8,30.48,923,6840,30,0,0,1,57,1.0007
"10/03/2015","sweing",6,23.41,1180,4560,30,0,0,1,38,1.0004
"10/03/2015","sweing",2,16.1,957,5400,40,0,0,1,45,1.0001
"10/03/2015","sweing",5,26.82,1001,7080,26,0,0,1,59,1.0001
"10/03/2015","sweing",7,30.48,1017,6840,25,0,0,1,57,1.0507
"10/03/2015","finishing",8,3.9,0,960,0,0,0,0,8,0.8625
"10/03/2015","finishing",7,3.9,0,960,0,0,0,0,8,1.1213
"10/03/2015","finishing",10,2.9,0,960,0,0,0,0,8,0.5696
"11/03/2015","finishing",12,4.6,0,2160,0,0,0,0,9,1.1535
"11/03/2015","finishing",11,2.9,0,2400,0,0,0,0,10,1.0925
"11/03/2015","finishing",2,3.9,0,1920,0,0,0,0,8,1.0924
"11/03/2015","finishing",4,3.94,0,1920,0,0,0,0,8,1.0844
"11/03/2015","finishing",1,3.94,0,1920,0,0,0,0,8,1.0835
"11/03/2015","sweing",12,15.26,470,4080,63,0,0,0,34,1.0005
"11/03/2015","sweing",3,30.1,735,6960,63,0,0,1,58,1.0001
"11/03/2015","sweing",11,11.41,560,3420,50,0,0,0,58,1
"11/03/2015","finishing",3,4.6,0,1920,0,0,0,0,8,0.9833
"11/03/2015","finishing",5,3.94,0,1440,0,0,0,0,12,1.0841
"11/03/2015","sweing",10,21.82,1674,6000,34,0,0,0,50,1.0008
"11/03/2015","sweing",9,18.79,290,5040,45,0,0,0,52,1.0005
"11/03/2015","sweing",2,16.1,971,5400,45,0,0,1,45,1.0002
"11/03/2015","sweing",1,26.82,1322,7080,45,0,0,0,59,1.0001
"11/03/2015","sweing",4,26.82,1054,7080,45,0,0,0,59,1.0001
"11/03/2015","sweing",5,26.82,992,6960,30,0,0,1,58,1.0008
"11/03/2015","sweing",8,30.48,914,6840,30,0,0,1,57,1.0007
"11/03/2015","sweing",6,23.41,1128,4560,40,0,0,1,38,1.0004
"11/03/2015","sweing",7,30.48,935,6840,26,0,0,1,57,1.0009
"11/03/2015","finishing",10,2.9,0,960,0,0,0,0,8,0.8378
"11/03/2015","finishing",8,3.9,0,960,0,0,0,0,8,0.8938
"11/03/2015","finishing",7,3.9,0,960,0,0,0,0,8,0.9625
"11/03/2015","finishing",9,2.9,0,1800,0,0,0,0,15,0.6745
"11/03/2015","finishing",6,2.9,0,720,0,0,0,0,6,0.5639
